id,obs,action,reward,winner,current_player
0,"[3, 3, 1, 1, 4, 4, 2, 2, 0, 0, 0, 0, 0, 0, 0, 0, 0, 0, 0, 0, 0, 0, 0, 1, 0, 0, 0, 0, 0, 0, 0, 0, 0, 0, 0, 0, 0, 0, 0, 0, 0, 0, 0, 0, 0, 0, 0, 0, 0, 0, 0, 0, 0, 0, 0, 0, 0, 0, 0, 0, 0, 0, 0, 1, 0, 3, 2, 0, 2, 4, 2, 1, 3, 1, 6, 2, 3, 5, 3, 2, 0, 0, 0, 0, 0, 0, 0]",15,0.9889727918669887,-1,0
1,"[2, 2, 1, 1, 4, 4, 2, 2, 0, 0, 0, 0, 0, 0, 0, 0, 0, 0, 0, 0, 0, 0, 0, 1, 0, 0, 0, 0, 0, 0, 0, 0, 0, 0, 0, 0, 0, 0, 0, 0, 0, 0, 0, 0, 0, 0, 0, 0, 0, 0, 1, 0, 0, 0, 0, 0, 0, 0, 0, 0, 0, 0, 0, 1, 0, 3, 2, 0, 2, 4, 2, 1, 3, 1, 6, 2, 3, 5, 3, 2, 0, 0, 0, 0, 0, 0, 0]",18,0.4999329299739067,-1,0
2,"[2, 2, 1, 1, 3, 3, 1, 1, 0, 0, 0, 2, 0, 0, 0, 0, 0, 0, 0, 0, 0, 0, 0, 1, 0, 0, 0, 0, 0, 0, 0, 0, 0, 0, 0, 0, 0, 0, 0, 0, 0, 0, 0, 0, 0, 0, 0, 0, 0, 0, 1, 0, 0, 0, 0, 0, 0, 0, 0, 0, 0, 0, 0, 1, 1, 3, 2, 0, 2, 4, 2, 1, 3, 1, 6, 2, 3, 5, 3, 2, 0, 0, 0, 0, 0, 0, 0]",3,0.9889727918669887,-1,1
3,"[2, 2, 1, 1, 2, 2, 1, 1, 0, 0, 0, 2, 0, 0, 0, 0, 0, 0, 0, 0, 0, 0, 0, 1, 0, 0, 0, 0, 0, 0, 0, 0, 0, 0, 2, 0, 0, 0, 0, 0, 0, 0, 0, 0, 0, 0, 0, 0, 0, 0, 1, 0, 0, 0, 0, 0, 0, 0, 0, 0, 0, 0, 0, 1, 1, 3, 2, 0, 2, 4, 2, 1, 3, 1, 6, 2, 3, 5, 3, 2, 0, 0, 0, 0, 0, 0, 0]",2,0.4999329299739067,-1,1
4,"[2, 2, 1, 1, 1, 1, 0, 0, 0, 0, 0, 2, 0, 0, 0, 0, 0, 0, 0, 0, 0, 0, 0, 1, 0, 0, 0, 0, 0, 2, 0, 0, 0, 0, 2, 0, 0, 0, 0, 0, 0, 0, 0, 0, 0, 0, 0, 0, 0, 0, 1, 0, 0, 0, 0, 0, 0, 0, 0, 0, 0, 0, 0, 1, 2, 3, 2, 0, 2, 4, 2, 1, 3, 1, 6, 2, 3, 5, 3, 2, 0, 0, 0, 0, 0, 0, 0]",21,1.6519460376222421,-1,1
5,"[2, 2, 1, 1, 0, 0, 0, 0, 0, 0, 0, 2, 0, 0, 0, 0, 0, 0, 0, 0, 0, 0, 0, 1, 0, 0, 0, 0, 0, 2, 0, 0, 0, 0, 2, 0, 0, 0, 0, 0, 0, 0, 0, 0, 0, 0, 0, 0, 0, 0, 1, 0, 0, 0, 0, 0, 0, 2, 0, 0, 0, 0, 0, 1, 2, 3, 2, 0, 2, 4, 2, 1, 3, 1, 6, 2, 3, 5, 3, 2, 0, 0, 0, 0, 0, 0, 0]",25,0.4999329299739067,-1,1
6,"[1, 1, 0, 0, 0, 0, 0, 0, 0, 0, 0, 2, 0, 0, 0, 0, 0, 0, 1, 0, 0, 0, 0, 1, 0, 0, 0, 0, 0, 2, 0, 0, 0, 0, 2, 0, 0, 0, 0, 0, 0, 0, 0, 0, 0, 0, 0, 0, 0, 0, 1, 0, 0, 0, 0, 0, 0, 2, 0, 0, 0, 0, 0, 2, 2, 3, 2, 0, 2, 4, 2, 1, 3, 1, 6, 2, 3, 5, 3, 2, 0, 0, 0, 0, 0, 0, 0]",10,1.6519460376222421,-1,0
7,"[2, 1, 2, 0, 2, 2, 0, 2, 0, 0, 0, 2, 0, 0, 0, 0, 0, 0, 1, 0, 0, 0, 0, 1, 0, 0, 0, 0, 0, 2, 0, 0, 0, 0, 2, 0, 0, 0, 0, 0, 0, 0, 0, 0, 0, 0, 0, 0, 0, 1, 1, 0, 0, 0, 0, 0, 0, 2, 0, 0, 0, 0, 0, 2, 2, 3, 2, 0, 2, 4, 2, 1, 3, 1, 6, 2, 3, 5, 3, 2, 1, 0, 0, 0, 0, 0, 0]",17,0.6606865625153951,-1,0
8,"[2, 2, 2, 0, 2, 3, 0, 2, 0, 0, 0, 2, 0, 0, 0, 0, 0, 0, 1, 0, 0, 0, 0, 1, 0, 0, 0, 0, 0, 2, 0, 0, 0, 0, 2, 0, 0, 0, 0, 0, 0, 0, 0, 0, 0, 0, 0, 0, 0, 1, 1, 0, 0, 0, 0, 0, 0, 2, 0, 0, 0, 0, 0, 2, 2, 3, 2, 0, 2, 4, 2, 1, 3, 1, 6, 2, 3, 5, 3, 2, 2, 0, 0, 0, 0, 0, 0]",4,9.01512817242287,-1,0
9,"[2, 2, 2, 0, 2, 3, 0, 2, 0, 0, 0, 2, 0, 0, 0, 0, 0, 0, 1, 0, 0, 0, 0, 1, 0, 0, 0, 0, 0, 2, 0, 0, 0, 0, 2, 0, 0, 0, 0, 0, 0, 0, 0, 0, 0, 0, 0, 0, 0, 1, 1, 0, 0, 0, 0, 0, 0, 2, 0, 0, 0, 0, 0, 2, 2, 3, 2, 0, 2, 4, 2, 1, 3, 1, 6, 2, 3, 5, 3, 2, 2, 0, 0, 0, 0, 0, 0]",0,0.6260263796372975,-1,1
10,"[2, 2, 2, 0, 1, 2, 0, 2, 0, 0, 0, 2, 0, 0, 0, 0, 0, 0, 1, 0, 0, 0, 0, 1, 0, 0, 0, 0, 0, 2, 0, 0, 0, 0, 2, 2, 0, 0, 0, 0, 0, 0, 0, 0, 0, 0, 0, 0, 0, 1, 1, 0, 0, 0, 0, 0, 0, 2, 0, 0, 0, 0, 0, 2, 2, 3, 2, 0, 2, 4, 2, 1, 3, 1, 6, 2, 3, 5, 3, 2, 2, 0, 0, 0, 0, 0, 0]",3,0.6606837147031736,-1,1
11,"[2, 2, 2, 0, 1, 2, 0, 2, 0, 0, 0, 2, 0, 0, 0, 0, 0, 0, 1, 0, 0, 0, 0, 1, 0, 0, 0, 0, 0, 2, 0, 0, 0, 0, 2, 2, 0, 0, 0, 0, 0, 0, 0, 0, 0, 0, 0, 0, 0, 1, 1, 0, 0, 0, 0, 0, 0, 2, 0, 0, 0, 0, 0, 2, 2, 3, 2, 0, 2, 4, 2, 1, 3, 1, 6, 2, 3, 5, 3, 2, 2, 0, 0, 0, 0, 0, 0]",0,0.5855893645112092,-1,1
12,"[2, 2, 2, 0, 0, 1, 0, 2, 0, 0, 0, 2, 0, 0, 0, 0, 0, 0, 1, 0, 0, 0, 0, 1, 0, 0, 0, 0, 0, 2, 0, 0, 0, 0, 2, 2, 0, 0, 2, 0, 0, 0, 0, 0, 0, 0, 0, 0, 0, 1, 1, 0, 0, 0, 0, 0, 0, 2, 0, 0, 0, 0, 0, 2, 2, 3, 2, 0, 2, 4, 2, 1, 3, 1, 6, 2, 3, 5, 3, 2, 2, 0, 0, 0, 0, 0, 0]",6,0.6606837147031736,-1,1
13,"[2, 2, 2, 0, 0, 1, 0, 2, 0, 0, 0, 2, 0, 0, 0, 0, 0, 0, 1, 0, 0, 0, 0, 1, 0, 0, 0, 0, 0, 2, 0, 0, 0, 0, 2, 2, 0, 0, 2, 0, 0, 0, 0, 0, 0, 0, 0, 0, 0, 1, 1, 0, 0, 0, 0, 0, 0, 2, 0, 0, 0, 0, 0, 2, 2, 3, 2, 0, 2, 4, 2, 1, 3, 1, 6, 2, 3, 5, 3, 2, 3, 0, 0, 0, 0, 0, 0]",4,11.553612891140533,-1,1
14,"[2, 2, 2, 0, 0, 1, 0, 2, 0, 0, 0, 2, 0, 0, 0, 0, 0, 0, 1, 0, 0, 0, 0, 1, 0, 0, 0, 0, 0, 2, 0, 0, 0, 0, 2, 2, 0, 0, 2, 0, 0, 0, 0, 0, 0, 0, 0, 0, 0, 1, 1, 0, 0, 0, 0, 0, 0, 2, 0, 0, 0, 0, 0, 2, 2, 3, 2, 0, 2, 4, 2, 1, 3, 1, 6, 2, 3, 5, 3, 2, 3, 1, 0, 0, 0, 0, 0]",3,0.3999243819898746,-1,0
15,"[0, 3, 2, 0, 0, 1, 0, 2, 0, 0, 0, 2, 0, 0, 0, 0, 0, 0, 1, 0, 0, 0, 0, 1, 0, 0, 0, 0, 0, 2, 0, 0, 0, 0, 2, 2, 0, 0, 2, 0, 0, 0, 0, 0, 0, 0, 0, 0, 0, 1, 1, 0, 0, 0, 0, 0, 0, 2, 0, 0, 0, 0, 0, 2, 2, 3, 2, 0, 2, 4, 2, 1, 3, 1, 6, 2, 3, 5, 3, 2, 3, 0, 0, 0, 0, 0, 0]","[[2 0 0 0]
 [0 1 0 0]]",0.0013820639009156457,-1,0
16,"[0, 3, 2, 0, 0, 2, 0, 2, 0, 0, 0, 2, 0, 0, 0, 0, 0, 0, 1, 0, 0, 0, 0, 1, 0, 0, 0, 0, 0, 2, 0, 0, 0, 0, 2, 2, 0, 0, 2, 0, 0, 0, 0, 0, 0, 0, 0, 0, 0, 1, 1, 0, 0, 0, 0, 0, 0, 2, 0, 0, 0, 0, 0, 2, 2, 3, 2, 0, 2, 4, 2, 1, 3, 1, 6, 2, 3, 5, 3, 2, 4, 0, 0, 0, 0, 0, 0]",4,8.62788380792925,-1,0
17,"[0, 3, 2, 0, 0, 2, 0, 2, 0, 0, 0, 2, 0, 0, 0, 0, 0, 0, 1, 0, 0, 0, 0, 1, 0, 0, 0, 0, 0, 2, 0, 0, 0, 0, 2, 2, 0, 0, 2, 0, 0, 0, 0, 0, 0, 0, 0, 0, 0, 1, 1, 0, 0, 0, 0, 0, 0, 2, 0, 0, 0, 0, 0, 2, 2, 3, 2, 0, 2, 4, 2, 1, 3, 1, 6, 2, 3, 5, 3, 2, 5, 0, 0, 0, 0, 0, 0]",4,11.512059699423414,-1,1
18,"[0, 3, 2, 0, 0, 2, 0, 2, 0, 0, 0, 2, 0, 0, 0, 0, 0, 0, 1, 0, 0, 0, 0, 1, 0, 0, 0, 0, 0, 2, 0, 0, 0, 0, 2, 2, 0, 0, 2, 0, 0, 0, 0, 0, 0, 0, 0, 0, 0, 1, 1, 0, 0, 0, 0, 0, 0, 2, 0, 0, 0, 0, 0, 2, 2, 3, 2, 0, 2, 4, 2, 1, 3, 1, 6, 2, 3, 5, 3, 2, 5, 0, 1, 0, 0, 0, 0]",2,0.5999180865670027,-1,0
19,"[0, 3, 2, 0, 0, 2, 0, 2, 0, 0, 0, 2, 0, 0, 0, 0, 0, 0, 1, 0, 0, 0, 0, 1, 0, 0, 0, 0, 0, 2, 0, 0, 0, 0, 2, 2, 0, 0, 2, 0, 0, 0, 0, 0, 0, 0, 0, 0, 0, 1, 1, 0, 0, 0, 0, 0, 0, 2, 0, 0, 0, 0, 0, 2, 2, 3, 2, 0, 2, 4, 2, 1, 3, 1, 6, 2, 3, 5, 3, 2, 5, 0, 1, 0, 0, 1, 0]","[[0 0 1 0]
 [0 0 0 1]]",0.8503429516250937,-1,0
20,"[0, 3, 1, 1, 0, 2, 1, 1, 0, 0, 0, 2, 0, 0, 0, 0, 0, 0, 1, 0, 0, 0, 0, 1, 0, 0, 0, 0, 0, 2, 0, 0, 0, 0, 2, 2, 0, 0, 2, 0, 0, 0, 0, 0, 0, 0, 0, 0, 0, 1, 1, 0, 0, 0, 0, 0, 0, 2, 0, 0, 0, 0, 0, 2, 2, 3, 2, 0, 2, 4, 2, 1, 3, 1, 6, 2, 3, 5, 3, 2, 5, 0, 0, 0, 0, 0, 0]",0,-8.19134329972101e-05,-1,1
21,"[0, 3, 1, 1, 0, 2, 1, 1, 0, 0, 0, 2, 0, 0, 0, 0, 0, 0, 1, 0, 0, 0, 0, 1, 0, 0, 0, 0, 0, 2, 0, 0, 0, 0, 2, 2, 0, 0, 2, 0, 0, 0, 0, 0, 0, 0, 0, 0, 0, 1, 1, 0, 0, 0, 0, 0, 0, 2, 0, 0, 0, 0, 0, 2, 2, 3, 2, 0, 2, 4, 2, 1, 3, 1, 6, 2, 3, 5, 3, 2, 5, 0, 0, 0, 0, 0, 0]",0,0.6260171202669438,-1,0
22,"[0, 3, 1, 1, 0, 2, 1, 1, 0, 0, 0, 2, 0, 0, 0, 0, 0, 0, 1, 0, 0, 0, 0, 1, 0, 0, 0, 0, 0, 2, 0, 0, 0, 0, 2, 2, 0, 0, 2, 0, 0, 0, 0, 0, 0, 0, 0, 0, 0, 1, 1, 0, 0, 0, 0, 0, 0, 2, 0, 0, 0, 0, 0, 2, 2, 3, 2, 0, 2, 4, 2, 1, 3, 1, 6, 2, 3, 5, 3, 2, 5, 0, 0, 0, 0, 0, 0]",-1,-0.047561471225035706,-1,0
23,"[0, 1, 1, 1, 0, 1, 1, 1, 0, 0, 0, 2, 0, 0, 0, 0, 0, 0, 1, 0, 0, 0, 0, 1, 0, 0, 0, 0, 0, 2, 0, 0, 0, 0, 2, 2, 0, 0, 2, 0, 0, 0, 0, 0, 0, 0, 0, 0, 0, 1, 1, 0, 0, 0, 0, 0, 0, 2, 0, 0, 0, 0, 0, 2, 2, 3, 2, 0, 2, 4, 2, 1, 3, 1, 6, 2, 3, 5, 3, 0, 6, 0, 0, 0, 0, 0, 0]",4,9.228430971501599,-1,0
24,"[0, 1, 1, 1, 0, 2, 1, 1, 0, 0, 0, 2, 0, 0, 0, 0, 0, 0, 1, 0, 0, 0, 0, 1, 0, 0, 0, 0, 0, 2, 0, 0, 0, 0, 2, 2, 0, 0, 2, 0, 0, 0, 0, 0, 0, 0, 0, 0, 0, 1, 1, 0, 0, 0, 0, 0, 0, 2, 0, 0, 0, 0, 0, 2, 2, 3, 2, 0, 2, 4, 2, 1, 3, 1, 6, 2, 3, 5, 3, 0, 7, 0, 0, 0, 0, 0, 0]",4,11.867856283996453,-1,1
25,"[0, 1, 1, 1, 0, 2, 1, 1, 0, 0, 0, 2, 0, 0, 0, 0, 0, 0, 1, 0, 0, 0, 0, 1, 0, 0, 0, 0, 0, 2, 0, 0, 0, 0, 2, 2, 0, 0, 2, 0, 0, 0, 0, 0, 0, 0, 0, 0, 0, 1, 1, 0, 0, 0, 0, 0, 0, 2, 0, 0, 0, 0, 0, 2, 2, 3, 2, 0, 2, 4, 2, 1, 3, 1, 6, 2, 3, 5, 3, 0, 7, 1, 0, 0, 0, 0, 0]",3,0.39991126726418513,-1,0
26,"[0, 1, 1, 1, 0, 2, 1, 1, 0, 0, 0, 2, 0, 0, 0, 0, 0, 0, 1, 0, 0, 0, 0, 1, 0, 0, 0, 0, 0, 2, 0, 0, 0, 0, 2, 2, 0, 0, 2, 0, 0, 0, 0, 0, 0, 0, 0, 0, 0, 1, 1, 0, 0, 0, 0, 0, 0, 2, 0, 0, 0, 0, 0, 2, 2, 3, 2, 0, 2, 4, 2, 1, 3, 1, 6, 2, 3, 5, 3, 0, 7, 0, 0, 0, 0, 0, 0]",-1,-0.04661969099529742,-1,0
27,"[0, 1, 1, 1, 0, 2, 1, 1, 0, 0, 0, 2, 0, 0, 0, 0, 0, 0, 1, 0, 0, 0, 0, 1, 0, 0, 0, 0, 0, 2, 0, 0, 0, 0, 2, 2, 0, 0, 2, 0, 0, 0, 0, 0, 0, 0, 0, 0, 0, 1, 1, 0, 0, 0, 0, 0, 0, 2, 0, 0, 0, 0, 0, 2, 2, 3, 2, 0, 2, 4, 2, 1, 3, 1, 6, 2, 3, 5, 3, 0, 7, 1, 0, 0, 0, 0, 0]",3,0.39991126726418513,-1,0
28,"[0, 1, 1, 1, 0, 2, 1, 1, 0, 0, 0, 2, 0, 0, 0, 0, 0, 0, 1, 0, 0, 0, 0, 1, 0, 0, 0, 0, 0, 2, 0, 0, 0, 0, 2, 2, 0, 0, 2, 0, 0, 0, 0, 0, 0, 0, 0, 0, 0, 1, 1, 0, 0, 0, 0, 0, 0, 2, 0, 0, 0, 0, 0, 2, 2, 3, 2, 0, 2, 4, 2, 1, 3, 1, 6, 2, 3, 5, 3, 0, 7, 0, 0, 0, 0, 0, 0]",-1,-0.04661969099529742,-1,0
29,"[0, 1, 1, 1, 0, 2, 1, 1, 0, 0, 0, 2, 0, 0, 0, 0, 0, 0, 1, 0, 0, 0, 0, 1, 0, 0, 0, 0, 0, 2, 0, 0, 0, 0, 2, 2, 0, 0, 2, 0, 0, 0, 0, 0, 0, 0, 0, 0, 0, 1, 1, 0, 0, 0, 0, 0, 0, 2, 0, 0, 0, 0, 0, 2, 2, 3, 2, 0, 2, 4, 2, 1, 3, 1, 6, 2, 3, 5, 3, 0, 7, 0, 1, 0, 0, 0, 0]",2,0.5999112672641851,-1,0
30,"[0, 1, 1, 1, 0, 2, 1, 1, 0, 0, 0, 2, 0, 0, 0, 0, 0, 0, 1, 0, 0, 0, 0, 1, 0, 0, 0, 0, 0, 2, 0, 0, 0, 0, 2, 2, 0, 0, 2, 0, 0, 0, 0, 0, 0, 0, 0, 0, 0, 1, 1, 0, 0, 0, 0, 0, 0, 2, 0, 0, 0, 0, 0, 2, 2, 3, 2, 0, 2, 4, 2, 1, 3, 1, 6, 2, 3, 5, 3, 0, 7, 0, 0, 0, 0, 0, 0]",-1,-0.04661969099529742,-1,0
31,"[0, 1, 1, 1, 0, 2, 1, 1, 0, 0, 0, 2, 0, 0, 0, 0, 0, 0, 1, 0, 0, 0, 0, 1, 0, 0, 0, 0, 0, 2, 0, 0, 0, 0, 2, 2, 0, 0, 2, 0, 0, 0, 0, 0, 0, 0, 0, 0, 0, 1, 1, 0, 0, 0, 0, 0, 0, 2, 0, 0, 0, 0, 0, 2, 2, 3, 2, 0, 2, 4, 2, 1, 3, 1, 6, 2, 3, 5, 3, 0, 8, 0, 0, 0, 0, 0, 0]",4,9.226540313685415,-1,0
32,"[0, 1, 1, 1, 0, 2, 1, 1, 0, 0, 0, 2, 0, 0, 0, 0, 0, 0, 1, 0, 0, 0, 0, 1, 0, 0, 0, 0, 0, 2, 0, 0, 0, 0, 2, 2, 0, 0, 2, 0, 0, 0, 0, 0, 0, 0, 0, 0, 0, 1, 1, 0, 0, 0, 0, 0, 0, 2, 0, 0, 0, 0, 0, 2, 2, 3, 2, 0, 2, 4, 2, 1, 3, 1, 6, 2, 3, 5, 3, 0, 8, 0, 1, 0, 0, 0, 0]",2,0.5999076476846952,-1,1
33,"[0, 1, 1, 1, 0, 2, 1, 1, 0, 0, 0, 2, 0, 0, 0, 0, 0, 0, 1, 0, 0, 0, 0, 1, 0, 0, 0, 0, 0, 2, 0, 0, 0, 0, 2, 2, 0, 0, 2, 0, 0, 0, 0, 0, 0, 0, 0, 0, 0, 1, 1, 0, 0, 0, 0, 0, 0, 2, 0, 0, 0, 0, 0, 2, 2, 3, 2, 0, 2, 4, 2, 1, 3, 1, 6, 2, 3, 5, 3, 0, 8, 0, 1, 0, 0, 1, 0]","[[0 1 0 0]
 [0 0 1 0]]",0.8503325127427861,-1,1
34,"[0, 2, 0, 1, 0, 1, 2, 1, 0, 0, 0, 2, 0, 0, 0, 0, 0, 0, 1, 0, 0, 0, 0, 1, 0, 0, 0, 0, 0, 2, 0, 0, 0, 0, 2, 2, 0, 0, 2, 0, 0, 0, 0, 0, 0, 0, 0, 0, 0, 1, 1, 0, 0, 0, 0, 0, 0, 2, 0, 0, 0, 0, 0, 2, 2, 3, 2, 0, 2, 4, 2, 1, 3, 1, 6, 2, 3, 5, 3, 0, 8, 0, 0, 0, 0, 0, 0]",0,-9.235231530481508e-05,-1,0
35,"[0, 2, 0, 1, 0, 1, 2, 1, 0, 0, 0, 2, 0, 0, 0, 0, 0, 0, 1, 0, 0, 0, 0, 1, 0, 0, 0, 0, 0, 2, 0, 0, 0, 0, 2, 2, 0, 0, 2, 0, 0, 0, 0, 0, 0, 0, 0, 0, 0, 1, 1, 0, 0, 0, 0, 0, 0, 2, 0, 0, 0, 0, 0, 2, 2, 3, 2, 0, 2, 4, 2, 1, 3, 1, 6, 2, 3, 5, 3, 0, 9, 0, 0, 0, 0, 0, 0]",4,11.865984078539071,-1,1
36,"[0, 2, 0, 1, 0, 2, 2, 1, 0, 0, 0, 2, 0, 0, 0, 0, 0, 0, 1, 0, 0, 0, 0, 1, 0, 0, 0, 0, 0, 2, 0, 0, 0, 0, 2, 2, 0, 0, 2, 0, 0, 0, 0, 0, 0, 0, 0, 0, 0, 1, 1, 0, 0, 0, 0, 0, 0, 2, 0, 0, 0, 0, 0, 2, 2, 3, 2, 0, 2, 4, 2, 1, 3, 1, 6, 2, 3, 5, 3, 0, 10, 0, 0, 0, 0, 0, 0]",4,8.746961720125691,-1,0
37,"[0, 2, 0, 1, 0, 3, 2, 1, 0, 0, 0, 2, 0, 0, 0, 0, 0, 0, 1, 0, 0, 0, 0, 1, 0, 0, 0, 0, 0, 2, 0, 0, 0, 0, 2, 2, 0, 0, 2, 0, 0, 0, 0, 0, 0, 0, 0, 0, 0, 1, 1, 0, 0, 0, 0, 0, 0, 2, 0, 0, 0, 0, 0, 2, 2, 3, 2, 0, 2, 4, 2, 1, 3, 1, 6, 2, 3, 5, 3, 0, 11, 0, 0, 0, 0, 0, 0]",4,11.632634089603286,-1,1
38,"[0, 2, 0, 1, 0, 3, 2, 1, 0, 0, 0, 2, 0, 0, 0, 0, 0, 0, 1, 0, 0, 0, 0, 1, 0, 0, 0, 0, 0, 2, 0, 0, 0, 0, 2, 2, 0, 0, 2, 0, 0, 0, 0, 0, 0, 0, 0, 0, 0, 1, 1, 0, 0, 0, 0, 0, 0, 2, 0, 0, 0, 0, 0, 2, 2, 3, 2, 0, 2, 4, 2, 1, 3, 1, 6, 2, 3, 5, 3, 0, 11, 1, 0, 0, 0, 0, 0]",3,0.3998958791851778,-1,0
39,"[0, 2, 0, 1, 0, 3, 2, 1, 0, 0, 0, 2, 0, 0, 0, 0, 0, 0, 1, 0, 0, 0, 0, 1, 0, 0, 0, 0, 0, 2, 0, 0, 0, 0, 2, 2, 0, 0, 2, 0, 0, 0, 0, 0, 0, 0, 0, 0, 0, 1, 1, 0, 0, 0, 0, 0, 0, 2, 0, 0, 0, 0, 0, 2, 2, 3, 2, 0, 2, 4, 2, 1, 3, 1, 6, 2, 3, 5, 3, 0, 11, 0, 0, 0, 0, 0, 0]",-1,-0.04479170676482641,-1,0
40,"[0, 2, 0, 1, 0, 3, 2, 1, 0, 0, 0, 2, 0, 0, 0, 0, 0, 0, 1, 0, 0, 0, 0, 1, 0, 0, 0, 0, 0, 2, 0, 0, 0, 0, 2, 2, 0, 0, 2, 0, 0, 0, 0, 0, 0, 0, 0, 0, 0, 1, 1, 0, 0, 0, 0, 0, 0, 2, 0, 0, 0, 0, 0, 2, 2, 3, 2, 0, 2, 4, 2, 1, 3, 1, 6, 2, 3, 5, 3, 0, 12, 0, 0, 0, 0, 0, 0]",4,11.63172951438069,-1,1
41,"[0, 2, 0, 1, 0, 4, 2, 1, 0, 0, 0, 2, 0, 0, 0, 0, 0, 0, 1, 0, 0, 0, 0, 1, 0, 0, 0, 0, 0, 2, 0, 0, 0, 0, 2, 2, 0, 0, 2, 0, 0, 0, 0, 0, 0, 0, 0, 0, 0, 1, 1, 0, 0, 0, 0, 0, 0, 2, 0, 0, 0, 0, 0, 2, 2, 3, 2, 0, 2, 4, 2, 1, 3, 1, 6, 2, 3, 5, 3, 0, 13, 0, 0, 0, 0, 0, 0]",4,8.744247897649961,-1,0
42,"[0, 2, 0, 1, 0, 4, 2, 1, 0, 0, 0, 2, 0, 0, 0, 0, 0, 0, 1, 0, 0, 0, 0, 1, 0, 0, 0, 0, 0, 2, 0, 0, 0, 0, 2, 2, 0, 0, 2, 0, 0, 0, 0, 0, 0, 0, 0, 0, 0, 1, 1, 0, 0, 0, 0, 0, 0, 2, 0, 0, 0, 0, 0, 2, 2, 3, 2, 0, 2, 4, 2, 1, 3, 1, 6, 2, 3, 5, 3, 0, 13, 0, 1, 0, 0, 0, 0]",2,0.5998872121582616,-1,1
43,"[0, 2, 0, 1, 0, 4, 2, 1, 0, 0, 0, 2, 0, 0, 0, 0, 0, 0, 1, 0, 0, 0, 0, 1, 0, 0, 0, 0, 0, 2, 0, 0, 0, 0, 2, 2, 0, 0, 2, 0, 0, 0, 0, 0, 0, 0, 0, 0, 0, 1, 1, 0, 0, 0, 0, 0, 0, 2, 0, 0, 0, 0, 0, 2, 2, 3, 2, 0, 2, 4, 2, 1, 3, 1, 6, 2, 3, 5, 3, 0, 13, 0, 1, 0, 0, 1, 0]","[[0 1 0 0]
 [0 0 0 1]]",0.8503120772163525,-1,1
44,"[0, 2, 0, 1, 0, 4, 2, 1, 0, 0, 0, 2, 0, 0, 0, 0, 0, 0, 1, 0, 0, 0, 0, 1, 0, 0, 0, 0, 0, 2, 0, 0, 0, 0, 2, 2, 0, 0, 2, 0, 0, 0, 0, 0, 0, 0, 0, 0, 0, 1, 1, 0, 0, 0, 0, 0, 0, 2, 0, 0, 0, 0, 0, 2, 2, 3, 2, 0, 2, 4, 2, 1, 3, 1, 6, 2, 3, 5, 3, 0, 13, 0, 0, 0, 0, 0, 0]",1,-0.0001127878417384474,-1,0
45,"[0, 2, 0, 1, 0, 4, 2, 1, 0, 0, 0, 2, 0, 0, 0, 0, 0, 0, 1, 0, 0, 0, 0, 1, 0, 0, 0, 0, 0, 2, 0, 0, 0, 0, 2, 2, 0, 0, 2, 0, 0, 0, 0, 0, 0, 0, 0, 0, 0, 1, 1, 0, 0, 0, 0, 0, 0, 2, 0, 0, 0, 0, 0, 2, 2, 3, 2, 0, 2, 4, 2, 1, 3, 1, 6, 2, 3, 5, 3, 0, 14, 0, 0, 0, 0, 0, 0]",4,11.516278237006485,-1,1
46,"[0, 2, 0, 1, 0, 4, 2, 1, 0, 0, 0, 2, 0, 0, 0, 0, 0, 0, 1, 0, 0, 0, 0, 1, 0, 0, 0, 0, 0, 2, 0, 0, 0, 0, 2, 2, 0, 0, 2, 0, 0, 0, 0, 0, 0, 0, 0, 0, 0, 1, 1, 0, 0, 0, 0, 0, 0, 2, 0, 0, 0, 0, 0, 2, 2, 3, 2, 0, 2, 4, 2, 1, 3, 1, 6, 2, 3, 5, 3, 0, 14, 0, 1, 0, 0, 0, 0]",2,0.5998826119007838,-1,0
47,"[0, 2, 0, 1, 0, 4, 2, 1, 0, 0, 0, 2, 0, 0, 0, 0, 0, 0, 1, 0, 0, 0, 0, 1, 0, 0, 0, 0, 0, 2, 0, 0, 0, 0, 2, 2, 0, 0, 2, 0, 0, 0, 0, 0, 0, 0, 0, 0, 0, 1, 1, 0, 0, 0, 0, 0, 0, 2, 0, 0, 0, 0, 0, 2, 2, 3, 2, 0, 2, 4, 2, 1, 3, 1, 6, 2, 3, 5, 3, 0, 14, 0, 1, 0, 0, 1, 0]","[[0 0 0 1]
 [0 0 1 0]]",0.8503074769588748,-1,0
48,"[0, 2, 0, 1, 0, 4, 2, 1, 0, 0, 0, 2, 0, 0, 0, 0, 0, 0, 1, 0, 0, 0, 0, 1, 0, 0, 0, 0, 0, 2, 0, 0, 0, 0, 2, 2, 0, 0, 2, 0, 0, 0, 0, 0, 0, 0, 0, 0, 0, 1, 1, 0, 0, 0, 0, 0, 0, 2, 0, 0, 0, 0, 0, 2, 2, 3, 2, 0, 2, 4, 2, 1, 3, 1, 6, 2, 3, 5, 3, 0, 14, 0, 0, 0, 0, 0, 0]",1,-0.00011738809921616044,-1,1
49,"[0, 3, 0, 1, 0, 5, 2, 1, 0, 0, 0, 2, 0, 0, 0, 0, 0, 0, 1, 0, 0, 0, 0, 1, 0, 0, 0, 0, 0, 2, 0, 0, 0, 0, 2, 2, 0, 0, 2, 0, 0, 0, 0, 0, 0, 0, 0, 0, 0, 1, 1, 0, 0, 0, 0, 0, 0, 2, 0, 0, 0, 0, 0, 2, 2, 3, 2, 0, 2, 4, 2, 1, 3, 1, 6, 2, 3, 5, 3, 0, 15, 0, 0, 0, 0, 0, 0]",4,8.580288204941033,-1,0
50,"[1, 3, 1, 1, 1, 5, 2, 1, 0, 0, 0, 2, 0, 0, 0, 0, 0, 0, 1, 0, 0, 0, 0, 1, 0, 0, 0, 0, 0, 2, 0, 0, 0, 0, 2, 2, 0, 0, 2, 0, 0, 0, 0, 0, 0, 0, 0, 0, 0, 1, 1, 0, 0, 0, 0, 0, 0, 2, 0, 0, 0, 0, 0, 2, 2, 3, 2, 0, 2, 4, 2, 1, 3, 1, 6, 2, 3, 5, 3, 0, 16, 0, 0, 0, 0, 0, 0]",4,11.556026259732182,-1,1
51,"[1, 3, 1, 1, 1, 5, 2, 1, 0, 0, 0, 2, 0, 0, 0, 0, 0, 0, 1, 0, 0, 0, 0, 1, 0, 0, 0, 0, 0, 2, 0, 0, 0, 0, 2, 2, 0, 0, 2, 0, 0, 0, 0, 0, 0, 0, 0, 0, 0, 1, 1, 0, 0, 0, 0, 0, 0, 2, 0, 0, 0, 0, 0, 2, 2, 3, 2, 0, 2, 4, 2, 1, 3, 1, 6, 2, 3, 5, 3, 0, 16, 0, 0, 0, 0, 0, 0]",0,0.6259718749062619,-1,0
52,"[0, 2, 1, 1, 1, 5, 2, 1, 0, 0, 0, 2, 0, 0, 0, 0, 0, 0, 1, 0, 0, 0, 0, 1, 0, 0, 0, 0, 0, 2, 0, 0, 0, 0, 2, 2, 0, 0, 2, 0, 0, 0, 0, 1, 0, 0, 0, 0, 0, 1, 1, 0, 0, 0, 0, 0, 0, 2, 0, 0, 0, 0, 0, 2, 2, 3, 2, 0, 2, 4, 2, 1, 3, 1, 6, 2, 3, 5, 3, 0, 16, 0, 0, 0, 0, 0, 0]",11,0.660629209972138,-1,0
53,"[0, 2, 1, 1, 1, 5, 2, 1, 0, 0, 0, 2, 0, 0, 0, 0, 0, 0, 1, 0, 0, 0, 0, 1, 0, 0, 0, 0, 0, 2, 0, 0, 0, 0, 2, 2, 0, 0, 2, 0, 0, 0, 0, 1, 0, 0, 0, 0, 0, 1, 1, 0, 0, 0, 0, 0, 0, 2, 0, 0, 0, 0, 0, 2, 2, 3, 2, 0, 2, 4, 2, 1, 3, 1, 6, 2, 3, 5, 3, 0, 16, 1, 0, 0, 0, 0, 0]",3,0.399872841206321,-1,0
54,"[0, 0, 1, 2, 1, 5, 2, 1, 0, 0, 0, 2, 0, 0, 0, 0, 0, 0, 1, 0, 0, 0, 0, 1, 0, 0, 0, 0, 0, 2, 0, 0, 0, 0, 2, 2, 0, 0, 2, 0, 0, 0, 0, 1, 0, 0, 0, 0, 0, 1, 1, 0, 0, 0, 0, 0, 0, 2, 0, 0, 0, 0, 0, 2, 2, 3, 2, 0, 2, 4, 2, 1, 3, 1, 6, 2, 3, 5, 3, 0, 16, 0, 0, 0, 0, 0, 0]","[[0 2 0 0]
 [0 0 0 1]]",0.0013305231173620076,-1,0
55,"[1, 0, 2, 2, 2, 5, 2, 1, 0, 0, 0, 2, 0, 0, 0, 0, 0, 0, 1, 0, 0, 0, 0, 1, 0, 0, 0, 0, 0, 2, 0, 0, 0, 0, 2, 2, 0, 0, 2, 0, 0, 0, 0, 1, 0, 0, 0, 0, 0, 1, 1, 0, 0, 0, 0, 0, 0, 2, 0, 0, 0, 0, 0, 2, 2, 3, 2, 0, 2, 4, 2, 1, 3, 1, 6, 2, 3, 5, 3, 0, 17, 0, 0, 0, 0, 0, 0]",4,10.357523538022825,-1,0
56,"[1, 0, 2, 2, 2, 5, 2, 1, 0, 0, 0, 2, 0, 0, 0, 0, 0, 0, 1, 0, 0, 0, 0, 1, 0, 0, 0, 0, 0, 2, 0, 0, 0, 0, 2, 2, 0, 0, 2, 0, 0, 0, 0, 1, 0, 0, 0, 0, 0, 1, 1, 0, 0, 0, 0, 0, 0, 2, 0, 0, 0, 0, 0, 2, 2, 3, 2, 0, 2, 4, 2, 1, 3, 1, 6, 2, 3, 5, 3, 0, 17, 0, 0, 0, 0, 0, 0]",1,0.8094917702911053,-1,1
57,"[1, 0, 2, 2, 1, 4, 1, 0, 0, 0, 0, 2, 0, 0, 0, 0, 0, 2, 1, 0, 0, 0, 0, 1, 0, 0, 0, 0, 0, 2, 0, 0, 0, 0, 2, 2, 0, 0, 2, 0, 0, 0, 0, 1, 0, 0, 0, 0, 0, 1, 1, 0, 0, 0, 0, 0, 0, 2, 0, 0, 0, 0, 0, 2, 3, 3, 2, 0, 2, 4, 2, 1, 3, 1, 6, 2, 3, 5, 3, 0, 17, 0, 0, 0, 0, 0, 0]",9,3.8046183527882165,-1,1
58,"[1, 0, 2, 2, 1, 4, 1, 0, 0, 0, 0, 2, 0, 0, 0, 0, 0, 2, 1, 0, 0, 0, 0, 1, 0, 0, 0, 0, 0, 2, 0, 0, 0, 0, 2, 2, 0, 0, 2, 0, 0, 0, 0, 1, 0, 0, 0, 0, 0, 1, 1, 0, 0, 0, 0, 0, 0, 2, 0, 0, 0, 0, 0, 2, 3, 3, 2, 0, 2, 4, 2, 1, 3, 1, 6, 2, 3, 5, 3, 0, 17, 0, 0, 0, 0, 0, 0]",0,0.5420853236605269,-1,1
59,"[1, 0, 2, 2, 0, 3, 1, 0, 0, 0, 0, 2, 0, 0, 0, 0, 0, 2, 1, 0, 0, 0, 0, 1, 0, 0, 0, 0, 0, 2, 0, 0, 0, 0, 2, 2, 0, 0, 2, 0, 0, 2, 0, 1, 0, 0, 0, 0, 0, 1, 1, 0, 0, 0, 0, 0, 0, 2, 0, 0, 0, 0, 0, 2, 3, 3, 2, 0, 2, 4, 2, 1, 3, 1, 6, 2, 3, 5, 3, 0, 17, 0, 0, 0, 0, 0, 0]",9,0.6223269863933432,-1,1
60,"[1, 0, 2, 2, 0, 4, 1, 0, 0, 0, 0, 2, 0, 0, 0, 0, 0, 2, 1, 0, 0, 0, 0, 1, 0, 0, 0, 0, 0, 2, 0, 0, 0, 0, 2, 2, 0, 0, 2, 0, 0, 2, 0, 1, 0, 0, 0, 0, 0, 1, 1, 0, 0, 0, 0, 0, 0, 2, 0, 0, 0, 0, 0, 2, 3, 3, 2, 0, 2, 4, 2, 1, 3, 1, 6, 2, 3, 5, 3, 0, 18, 0, 0, 0, 0, 0, 0]",4,13.90426698568869,-1,1
61,"[1, 0, 2, 2, 0, 4, 1, 0, 0, 0, 0, 2, 0, 0, 0, 0, 0, 2, 1, 0, 0, 0, 0, 1, 0, 0, 0, 0, 0, 2, 0, 0, 0, 0, 2, 2, 0, 0, 2, 0, 0, 2, 0, 1, 0, 0, 0, 0, 0, 1, 1, 0, 0, 0, 0, 0, 0, 2, 0, 0, 0, 0, 0, 2, 3, 3, 2, 0, 2, 4, 2, 1, 3, 1, 6, 2, 3, 5, 3, 0, 18, 0, 0, 0, 0, 0, 0]",0,0.5855242763910381,-1,0
62,"[1, 0, 2, 2, 0, 4, 1, 0, 0, 0, 0, 2, 0, 0, 0, 0, 0, 2, 1, 0, 0, 0, 0, 1, 0, 0, 0, 0, 0, 2, 0, 0, 0, 0, 2, 2, 0, 0, 2, 0, 0, 2, 0, 1, 0, 0, 0, 0, 0, 1, 1, 0, 0, 0, 0, 0, 0, 2, 0, 0, 0, 0, 0, 2, 3, 3, 2, 0, 2, 4, 2, 1, 3, 1, 6, 2, 3, 5, 3, 0, 18, 0, 0, 0, 0, 0, 0]",-1,-0.0417635105705636,-1,0
63,"[1, 0, 2, 2, 0, 4, 1, 0, 0, 0, 0, 2, 0, 0, 0, 0, 0, 2, 1, 0, 0, 0, 0, 1, 0, 0, 0, 0, 0, 2, 0, 0, 0, 0, 2, 2, 0, 0, 2, 0, 0, 2, 0, 1, 0, 0, 0, 0, 0, 1, 1, 0, 0, 0, 0, 0, 0, 2, 0, 0, 0, 0, 0, 2, 3, 3, 2, 0, 2, 4, 2, 1, 3, 1, 6, 2, 3, 5, 3, 0, 18, 0, 1, 0, 0, 0, 0]",2,0.5998622578171853,-1,0
64,"[1, 0, 2, 2, 0, 4, 1, 0, 0, 0, 0, 2, 0, 0, 0, 0, 0, 2, 1, 0, 0, 0, 0, 1, 0, 0, 0, 0, 0, 2, 0, 0, 0, 0, 2, 2, 0, 0, 2, 0, 0, 2, 0, 1, 0, 0, 0, 0, 0, 1, 1, 0, 0, 0, 0, 0, 0, 2, 0, 0, 0, 0, 0, 2, 3, 3, 2, 0, 2, 4, 2, 1, 3, 1, 6, 2, 3, 5, 3, 0, 18, 0, 1, 0, 0, 1, 0]","[[0 0 1 0]
 [0 1 0 0]]",0.8502871228752762,-1,0
65,"[1, 0, 2, 2, 0, 4, 1, 0, 0, 0, 0, 2, 0, 0, 0, 0, 0, 2, 1, 0, 0, 0, 0, 1, 0, 0, 0, 0, 0, 2, 0, 0, 0, 0, 2, 2, 0, 0, 2, 0, 0, 2, 0, 1, 0, 0, 0, 0, 0, 1, 1, 0, 0, 0, 0, 0, 0, 2, 0, 0, 0, 0, 0, 2, 3, 3, 2, 0, 2, 4, 2, 1, 3, 1, 6, 2, 3, 5, 3, 0, 18, 0, 1, 0, 0, 0, 1]",2,-0.00013774218281465125,-1,1
66,"[1, 0, 2, 2, 0, 4, 1, 0, 0, 0, 0, 2, 0, 0, 0, 0, 0, 2, 1, 0, 0, 0, 0, 1, 0, 0, 0, 0, 0, 2, 0, 0, 0, 0, 2, 2, 0, 0, 2, 0, 0, 2, 0, 1, 0, 0, 0, 0, 0, 1, 1, 0, 0, 0, 0, 0, 0, 2, 0, 0, 0, 0, 0, 2, 3, 3, 2, 0, 2, 4, 2, 1, 3, 1, 6, 2, 3, 5, 3, 0, 18, 0, 0, 1, 0, 0, 0]","[[0 1 0 0]
 [1 0 0 0]]",-0.00013774218281465125,-1,1
67,"[1, 0, 2, 2, 0, 4, 1, 0, 0, 0, 0, 2, 0, 0, 0, 0, 0, 2, 1, 0, 0, 0, 0, 1, 0, 0, 0, 0, 0, 2, 0, 0, 0, 0, 2, 2, 0, 0, 2, 0, 0, 2, 0, 1, 0, 0, 0, 0, 0, 1, 1, 0, 0, 0, 0, 0, 0, 2, 0, 0, 0, 0, 0, 2, 3, 3, 2, 0, 2, 4, 2, 1, 3, 1, 6, 2, 3, 5, 3, 0, 18, 0, 0, 0, 0, 0, 0]",1,-0.30013774218281464,-1,0
68,"[1, 0, 2, 2, 0, 4, 1, 0, 0, 0, 0, 2, 0, 0, 0, 0, 0, 2, 1, 0, 0, 0, 0, 1, 0, 0, 0, 0, 0, 2, 0, 0, 0, 0, 2, 2, 0, 0, 2, 0, 0, 2, 0, 1, 0, 0, 0, 0, 0, 1, 1, 0, 0, 0, 0, 0, 0, 2, 0, 0, 0, 0, 0, 2, 3, 3, 2, 0, 2, 4, 2, 1, 3, 1, 6, 2, 3, 5, 3, 0, 18, 0, 0, 0, 0, 0, 0]",0,0.5855242763910381,-1,0
69,"[1, 0, 2, 2, 0, 4, 1, 0, 0, 0, 0, 2, 0, 0, 0, 0, 0, 2, 1, 0, 0, 0, 0, 1, 0, 0, 0, 0, 0, 2, 0, 0, 0, 0, 2, 2, 0, 0, 2, 0, 0, 2, 0, 1, 0, 0, 0, 0, 0, 1, 1, 0, 0, 0, 0, 0, 0, 2, 0, 0, 0, 0, 0, 2, 3, 3, 2, 0, 2, 4, 2, 1, 3, 1, 6, 2, 3, 5, 3, 0, 18, 0, 0, 0, 0, 0, 0]",-1,-0.0417635105705636,-1,0
70,"[1, 1, 2, 2, 0, 5, 1, 0, 0, 0, 0, 2, 0, 0, 0, 0, 0, 2, 1, 0, 0, 0, 0, 1, 0, 0, 0, 0, 0, 2, 0, 0, 0, 0, 2, 2, 0, 0, 2, 0, 0, 2, 0, 1, 0, 0, 0, 0, 0, 1, 1, 0, 0, 0, 0, 0, 0, 2, 0, 0, 0, 0, 0, 2, 3, 3, 2, 0, 2, 4, 2, 1, 3, 1, 6, 2, 3, 5, 3, 0, 19, 0, 0, 0, 0, 0, 0]",4,10.65534683291635,-1,0
71,"[1, 1, 2, 2, 0, 7, 1, 0, 0, 0, 0, 2, 0, 0, 0, 0, 0, 2, 1, 0, 0, 0, 0, 1, 0, 0, 0, 0, 0, 2, 0, 0, 0, 0, 2, 2, 0, 0, 2, 0, 0, 2, 0, 1, 0, 0, 0, 0, 0, 1, 1, 0, 0, 0, 0, 0, 0, 2, 0, 0, 0, 0, 0, 2, 3, 3, 2, 0, 2, 4, 2, 1, 3, 1, 6, 2, 3, 5, 3, 0, 20, 0, 0, 0, 0, 0, 0]",4,13.724206090903513,-1,1
72,"[1, 1, 2, 2, 0, 7, 1, 0, 0, 0, 0, 2, 0, 0, 0, 0, 0, 2, 1, 0, 0, 0, 0, 1, 0, 0, 0, 0, 0, 2, 0, 0, 0, 0, 2, 2, 0, 0, 2, 0, 0, 2, 0, 1, 0, 0, 0, 0, 0, 1, 1, 0, 0, 0, 0, 0, 0, 2, 0, 0, 0, 0, 0, 2, 3, 3, 2, 0, 2, 4, 2, 1, 3, 1, 6, 2, 3, 5, 3, 0, 20, 0, 0, 0, 0, 0, 0]",0,0.5855128128070854,-1,0
73,"[0, 0, 2, 2, 0, 7, 1, 0, 0, 0, 0, 2, 0, 0, 0, 0, 0, 2, 1, 0, 0, 0, 0, 1, 0, 0, 0, 0, 0, 2, 0, 0, 0, 0, 2, 2, 0, 0, 2, 0, 0, 2, 0, 1, 0, 0, 0, 1, 0, 1, 1, 0, 0, 0, 0, 0, 0, 2, 0, 0, 0, 0, 0, 2, 3, 3, 2, 0, 2, 4, 2, 1, 3, 1, 6, 2, 3, 5, 3, 0, 20, 0, 0, 0, 0, 0, 0]",15,0.7912422669071877,-1,0
74,"[0, 0, 2, 2, 0, 7, 1, 0, 0, 0, 0, 2, 0, 0, 0, 0, 0, 2, 1, 0, 0, 0, 0, 1, 0, 0, 0, 0, 0, 2, 0, 0, 0, 0, 2, 2, 0, 0, 2, 0, 0, 2, 0, 1, 0, 0, 0, 1, 0, 1, 1, 0, 0, 0, 0, 0, 0, 2, 0, 0, 0, 0, 0, 2, 3, 3, 2, 0, 2, 4, 2, 1, 3, 1, 6, 2, 3, 5, 3, 0, 20, 1, 0, 0, 0, 0, 0]",3,0.39985079423323266,-1,0
75,"[0, 0, 0, 3, 0, 7, 1, 0, 0, 0, 0, 2, 0, 0, 0, 0, 0, 2, 1, 0, 0, 0, 0, 1, 0, 0, 0, 0, 0, 2, 0, 0, 0, 0, 2, 2, 0, 0, 2, 0, 0, 2, 0, 1, 0, 0, 0, 1, 0, 1, 1, 0, 0, 0, 0, 0, 0, 2, 0, 0, 0, 0, 0, 2, 3, 3, 2, 0, 2, 4, 2, 1, 3, 1, 6, 2, 3, 5, 3, 0, 20, 0, 0, 0, 0, 0, 0]","[[0 0 2 0]
 [0 0 0 1]]",0.001308476144273714,-1,0
76,"[0, 0, 0, 3, 0, 7, 1, 0, 0, 0, 0, 2, 0, 0, 0, 0, 0, 2, 1, 0, 0, 0, 0, 1, 0, 0, 0, 0, 0, 2, 0, 0, 0, 0, 2, 2, 0, 0, 2, 0, 0, 2, 0, 1, 0, 0, 0, 1, 0, 1, 1, 0, 0, 0, 0, 0, 0, 2, 0, 0, 0, 0, 0, 2, 3, 3, 2, 0, 2, 4, 2, 1, 3, 1, 6, 2, 3, 5, 3, 0, 20, 0, 1, 0, 0, 0, 0]",2,0.5998507942332326,-1,0
77,"[0, 0, 0, 3, 0, 7, 1, 0, 0, 0, 0, 2, 0, 0, 0, 0, 0, 2, 1, 0, 0, 0, 0, 1, 0, 0, 0, 0, 0, 2, 0, 0, 0, 0, 2, 2, 0, 0, 2, 0, 0, 2, 0, 1, 0, 0, 0, 1, 0, 1, 1, 0, 0, 0, 0, 0, 0, 2, 0, 0, 0, 0, 0, 2, 3, 3, 2, 0, 2, 4, 2, 1, 3, 1, 6, 2, 3, 5, 3, 0, 20, 0, 1, 0, 0, 1, 0]","[[0 0 0 1]
 [0 0 1 0]]",0.8502756592913235,-1,0
78,"[0, 0, 1, 2, 0, 7, 0, 1, 0, 0, 0, 2, 0, 0, 0, 0, 0, 2, 1, 0, 0, 0, 0, 1, 0, 0, 0, 0, 0, 2, 0, 0, 0, 0, 2, 2, 0, 0, 2, 0, 0, 2, 0, 1, 0, 0, 0, 1, 0, 1, 1, 0, 0, 0, 0, 0, 0, 2, 0, 0, 0, 0, 0, 2, 3, 3, 2, 0, 2, 4, 2, 1, 3, 1, 6, 2, 3, 5, 3, 0, 20, 0, 0, 0, 0, 0, 0]",0,-0.0001492057667673394,-1,1
79,"[0, 0, 1, 2, 0, 7, 0, 1, 0, 0, 0, 2, 0, 0, 0, 0, 0, 2, 1, 0, 0, 0, 0, 1, 0, 0, 0, 0, 0, 2, 0, 0, 0, 0, 2, 2, 0, 0, 2, 0, 0, 2, 0, 1, 0, 0, 0, 1, 0, 1, 1, 0, 0, 0, 0, 0, 0, 2, 0, 0, 0, 0, 0, 2, 3, 3, 2, 0, 2, 4, 2, 1, 3, 1, 6, 2, 3, 5, 3, 0, 20, 1, 0, 0, 0, 0, 0]",3,0.39985079423323266,-1,0
80,"[0, 1, 1, 0, 0, 7, 0, 1, 0, 0, 0, 2, 0, 0, 0, 0, 0, 2, 1, 0, 0, 0, 0, 1, 0, 0, 0, 0, 0, 2, 0, 0, 0, 0, 2, 2, 0, 0, 2, 0, 0, 2, 0, 1, 0, 0, 0, 1, 0, 1, 1, 0, 0, 0, 0, 0, 0, 2, 0, 0, 0, 0, 0, 2, 3, 3, 2, 0, 2, 4, 2, 1, 3, 1, 6, 2, 3, 5, 3, 0, 20, 0, 0, 0, 0, 0, 0]","[[0 0 0 2]
 [0 1 0 0]]",0.001308476144273714,-1,0
81,"[0, 1, 1, 0, 0, 8, 0, 1, 0, 0, 0, 2, 0, 0, 0, 0, 0, 2, 1, 0, 0, 0, 0, 1, 0, 0, 0, 0, 0, 2, 0, 0, 0, 0, 2, 2, 0, 0, 2, 0, 0, 2, 0, 1, 0, 0, 0, 1, 0, 1, 1, 0, 0, 0, 0, 0, 0, 2, 0, 0, 0, 0, 0, 2, 3, 3, 2, 0, 2, 4, 2, 1, 3, 1, 6, 2, 3, 5, 3, 0, 21, 0, 0, 0, 0, 0, 0]",4,11.741180956359921,-1,0
82,"[0, 1, 1, 0, 0, 4, 0, 1, 0, 0, 0, 2, 0, 0, 0, 0, 0, 2, 1, 0, 0, 0, 0, 1, 0, 0, 0, 0, 0, 2, 0, 0, 0, 0, 2, 2, 0, 0, 2, 0, 0, 2, 0, 1, 0, 0, 0, 1, 0, 1, 1, 0, 0, 0, 0, 0, 0, 2, 0, 0, 0, 0, 0, 2, 3, 3, 2, 0, 2, 4, 2, 1, 3, 1, 6, 2, 3, 5, 3, 4, 22, 0, 0, 0, 0, 0, 0]",4,13.900935048173675,-1,1
83,"[0, 1, 1, 0, 0, 4, 0, 1, 0, 0, 0, 2, 0, 0, 0, 0, 0, 2, 1, 0, 0, 0, 0, 1, 0, 0, 0, 0, 0, 2, 0, 0, 0, 0, 2, 2, 0, 0, 2, 0, 0, 2, 0, 1, 0, 0, 0, 1, 0, 1, 1, 0, 0, 0, 0, 0, 0, 2, 0, 0, 0, 0, 0, 2, 3, 3, 2, 0, 2, 4, 2, 1, 3, 1, 6, 2, 3, 5, 3, 4, 22, 0, 1, 0, 0, 0, 0]",2,0.5998383773647887,-1,0
84,"[0, 1, 1, 0, 0, 4, 0, 1, 0, 0, 0, 2, 0, 0, 0, 0, 0, 2, 1, 0, 0, 0, 0, 1, 0, 0, 0, 0, 0, 2, 0, 0, 0, 0, 2, 2, 0, 0, 2, 0, 0, 2, 0, 1, 0, 0, 0, 1, 0, 1, 1, 0, 0, 0, 0, 0, 0, 2, 0, 0, 0, 0, 0, 2, 3, 3, 2, 0, 2, 4, 2, 1, 3, 1, 6, 2, 3, 5, 3, 4, 22, 0, 1, 0, 0, 1, 0]","[[0 1 0 0]
 [0 0 0 1]]",0.8502632424228797,-1,0
85,"[0, 0, 1, 1, 0, 5, 0, 0, 0, 0, 0, 2, 0, 0, 0, 0, 0, 2, 1, 0, 0, 0, 0, 1, 0, 0, 0, 0, 0, 2, 0, 0, 0, 0, 2, 2, 0, 0, 2, 0, 0, 2, 0, 1, 0, 0, 0, 1, 0, 1, 1, 0, 0, 0, 0, 0, 0, 2, 0, 0, 0, 0, 0, 2, 3, 3, 2, 0, 2, 4, 2, 1, 3, 1, 6, 2, 3, 5, 3, 4, 22, 0, 0, 0, 0, 0, 0]",0,-0.00016162263521123438,-1,1
86,"[1, 0, 1, 1, 1, 5, 0, 1, 0, 0, 0, 2, 0, 0, 0, 0, 0, 2, 1, 0, 0, 0, 0, 1, 0, 0, 0, 0, 0, 2, 0, 0, 0, 0, 2, 2, 0, 0, 2, 0, 0, 2, 0, 1, 0, 0, 0, 1, 0, 1, 1, 0, 0, 0, 0, 0, 0, 2, 0, 0, 0, 0, 0, 2, 3, 3, 2, 0, 2, 4, 2, 1, 3, 1, 6, 2, 3, 5, 3, 4, 23, 0, 0, 0, 0, 0, 0]",4,12.01347695077391,-1,0
87,"[1, 0, 1, 1, 1, 5, 0, 1, 0, 0, 0, 2, 0, 0, 0, 0, 0, 2, 1, 0, 0, 0, 0, 1, 0, 0, 0, 0, 0, 2, 0, 0, 0, 0, 2, 2, 0, 0, 2, 0, 0, 2, 0, 1, 0, 0, 0, 1, 0, 1, 1, 0, 0, 0, 0, 0, 0, 2, 0, 0, 0, 0, 0, 2, 3, 3, 2, 0, 2, 4, 2, 1, 3, 1, 6, 2, 3, 5, 3, 4, 23, 0, 0, 0, 0, 0, 0]",0,0.4948065337981215,-1,1
88,"[1, 0, 1, 1, 0, 4, 0, 1, 0, 0, 0, 2, 0, 0, 0, 0, 0, 2, 1, 0, 0, 0, 0, 1, 0, 0, 0, 0, 0, 2, 0, 0, 0, 0, 2, 2, 0, 0, 2, 0, 0, 2, 2, 1, 0, 0, 0, 1, 0, 1, 1, 0, 0, 0, 0, 0, 0, 2, 0, 0, 0, 0, 2, 2, 4, 3, 2, 0, 2, 4, 2, 1, 3, 1, 6, 2, 3, 5, 3, 4, 23, 0, 0, 0, 0, 0, 0]",10,3.730890365597543,-1,1
89,"[1, 0, 1, 1, 0, 5, 0, 1, 0, 0, 0, 2, 0, 0, 0, 0, 0, 2, 1, 0, 0, 0, 0, 1, 0, 0, 0, 0, 0, 2, 0, 0, 0, 0, 2, 2, 0, 0, 2, 0, 0, 2, 2, 1, 0, 0, 0, 1, 0, 1, 1, 0, 0, 0, 0, 0, 0, 2, 0, 0, 0, 0, 2, 2, 4, 3, 2, 0, 2, 4, 2, 1, 3, 1, 6, 2, 3, 5, 3, 4, 24, 0, 0, 0, 0, 0, 0]",4,15.074844033619911,-1,1
90,"[1, 0, 1, 1, 0, 5, 0, 1, 0, 0, 0, 2, 0, 0, 0, 0, 0, 2, 1, 0, 0, 0, 0, 1, 0, 0, 0, 0, 0, 2, 0, 0, 0, 0, 2, 2, 0, 0, 2, 0, 0, 2, 2, 1, 0, 0, 0, 1, 0, 1, 1, 0, 0, 0, 0, 0, 0, 2, 0, 0, 0, 0, 2, 2, 4, 3, 2, 0, 2, 4, 2, 1, 3, 1, 6, 2, 3, 5, 3, 4, 24, 1, 0, 0, 0, 0, 0]",3,0.3998249280727142,-1,0
91,"[1, 0, 1, 1, 0, 5, 0, 1, 0, 0, 0, 2, 0, 0, 0, 0, 0, 2, 1, 0, 0, 0, 0, 1, 0, 0, 0, 0, 0, 2, 0, 0, 0, 0, 2, 2, 0, 0, 2, 0, 0, 2, 2, 1, 0, 0, 0, 1, 0, 1, 1, 0, 0, 0, 0, 0, 0, 2, 0, 0, 0, 0, 2, 2, 4, 3, 2, 0, 2, 4, 2, 1, 3, 1, 6, 2, 3, 5, 3, 4, 24, 0, 0, 0, 0, 0, 0]",-1,-0.039331393053327675,-1,0
92,"[1, 0, 1, 1, 0, 5, 0, 1, 0, 0, 0, 2, 0, 0, 0, 0, 0, 2, 1, 0, 0, 0, 0, 1, 0, 0, 0, 0, 0, 2, 0, 0, 0, 0, 2, 2, 0, 0, 2, 0, 0, 2, 2, 1, 0, 0, 0, 1, 0, 1, 1, 0, 0, 0, 0, 0, 0, 2, 0, 0, 0, 0, 2, 2, 4, 3, 2, 0, 2, 4, 2, 1, 3, 1, 6, 2, 3, 5, 3, 4, 24, 0, 1, 0, 0, 0, 0]",2,0.5998249280727141,-1,0
93,"[1, 0, 1, 1, 0, 5, 0, 1, 0, 0, 0, 2, 0, 0, 0, 0, 0, 2, 1, 0, 0, 0, 0, 1, 0, 0, 0, 0, 0, 2, 0, 0, 0, 0, 2, 2, 0, 0, 2, 0, 0, 2, 2, 1, 0, 0, 0, 1, 0, 1, 1, 0, 0, 0, 0, 0, 0, 2, 0, 0, 0, 0, 2, 2, 4, 3, 2, 0, 2, 4, 2, 1, 3, 1, 6, 2, 3, 5, 3, 4, 24, 0, 1, 0, 0, 1, 0]","[[1 0 0 0]
 [0 0 0 1]]",0.8502497931308051,-1,0
94,"[1, 0, 1, 1, 0, 5, 0, 1, 0, 0, 0, 2, 0, 0, 0, 0, 0, 2, 1, 0, 0, 0, 0, 1, 0, 0, 0, 0, 0, 2, 0, 0, 0, 0, 2, 2, 0, 0, 2, 0, 0, 2, 2, 1, 0, 0, 0, 1, 0, 1, 1, 0, 0, 0, 0, 0, 0, 2, 0, 0, 0, 0, 2, 2, 4, 3, 2, 0, 2, 4, 2, 1, 3, 1, 6, 2, 3, 5, 3, 4, 24, 0, 0, 0, 0, 0, 0]",1,-0.5001750719272858,-1,1
95,"[1, 0, 1, 1, 0, 5, 0, 1, 0, 0, 0, 2, 0, 0, 0, 0, 0, 2, 1, 0, 0, 0, 0, 1, 0, 0, 0, 0, 0, 2, 0, 0, 0, 0, 2, 2, 0, 0, 2, 0, 0, 2, 2, 1, 0, 0, 0, 1, 0, 1, 1, 0, 0, 0, 0, 0, 0, 2, 0, 0, 0, 0, 2, 2, 4, 3, 2, 0, 2, 4, 2, 1, 3, 1, 6, 2, 3, 5, 3, 4, 24, 1, 0, 0, 0, 0, 0]",3,0.3998249280727142,-1,0
96,"[1, 0, 1, 1, 0, 5, 0, 1, 0, 0, 0, 2, 0, 0, 0, 0, 0, 2, 1, 0, 0, 0, 0, 1, 0, 0, 0, 0, 0, 2, 0, 0, 0, 0, 2, 2, 0, 0, 2, 0, 0, 2, 2, 1, 0, 0, 0, 1, 0, 1, 1, 0, 0, 0, 0, 0, 0, 2, 0, 0, 0, 0, 2, 2, 4, 3, 2, 0, 2, 4, 2, 1, 3, 1, 6, 2, 3, 5, 3, 4, 24, 0, 0, 0, 0, 0, 0]",-1,-0.039331393053327675,-1,0
97,"[1, 0, 1, 1, 0, 5, 0, 1, 0, 0, 0, 2, 0, 0, 0, 0, 0, 2, 1, 0, 0, 0, 0, 1, 0, 0, 0, 0, 0, 2, 0, 0, 0, 0, 2, 2, 0, 0, 2, 0, 0, 2, 2, 1, 0, 0, 0, 1, 0, 1, 1, 0, 0, 0, 0, 0, 0, 2, 0, 0, 0, 0, 2, 2, 4, 3, 2, 0, 2, 4, 2, 1, 3, 1, 6, 2, 3, 5, 3, 4, 24, 1, 0, 0, 0, 0, 0]",3,0.3998249280727142,-1,0
98,"[1, 0, 1, 1, 0, 5, 0, 1, 0, 0, 0, 2, 0, 0, 0, 0, 0, 2, 1, 0, 0, 0, 0, 1, 0, 0, 0, 0, 0, 2, 0, 0, 0, 0, 2, 2, 0, 0, 2, 0, 0, 2, 2, 1, 0, 0, 0, 1, 0, 1, 1, 0, 0, 0, 0, 0, 0, 2, 0, 0, 0, 0, 2, 2, 4, 3, 2, 0, 2, 4, 2, 1, 3, 1, 6, 2, 3, 5, 3, 4, 24, 0, 0, 0, 0, 0, 0]",-1,-0.039331393053327675,-1,0
99,"[1, 0, 1, 1, 0, 5, 0, 1, 0, 0, 0, 2, 0, 0, 0, 0, 0, 2, 1, 0, 0, 0, 0, 1, 0, 0, 0, 0, 0, 2, 0, 0, 0, 0, 2, 2, 0, 0, 2, 0, 0, 2, 2, 1, 0, 0, 0, 1, 0, 1, 1, 0, 0, 0, 0, 0, 0, 2, 0, 0, 0, 0, 2, 2, 4, 3, 2, 0, 2, 4, 2, 1, 3, 1, 6, 2, 3, 5, 3, 4, 24, 1, 0, 0, 0, 0, 0]",3,0.3998249280727142,-1,0
100,"[1, 0, 1, 1, 0, 5, 0, 1, 0, 0, 0, 2, 0, 0, 0, 0, 0, 2, 1, 0, 0, 0, 0, 1, 0, 0, 0, 0, 0, 2, 0, 0, 0, 0, 2, 2, 0, 0, 2, 0, 0, 2, 2, 1, 0, 0, 0, 1, 0, 1, 1, 0, 0, 0, 0, 0, 0, 2, 0, 0, 0, 0, 2, 2, 4, 3, 2, 0, 2, 4, 2, 1, 3, 1, 6, 2, 3, 5, 3, 4, 24, 0, 0, 0, 0, 0, 0]",-1,-0.039331393053327675,-1,0
101,"[1, 0, 1, 1, 0, 7, 0, 1, 0, 0, 0, 2, 0, 0, 0, 0, 0, 2, 1, 0, 0, 0, 0, 1, 0, 0, 0, 0, 0, 2, 0, 0, 0, 0, 2, 2, 0, 0, 2, 0, 0, 2, 2, 1, 0, 0, 0, 1, 0, 1, 1, 0, 0, 0, 0, 0, 0, 2, 0, 0, 0, 0, 2, 2, 4, 3, 2, 0, 2, 4, 2, 1, 3, 1, 6, 2, 3, 5, 3, 4, 25, 0, 0, 0, 0, 0, 0]",4,12.0118738598779,-1,0
102,"[1, 0, 1, 1, 0, 7, 0, 1, 0, 0, 0, 2, 0, 0, 0, 0, 0, 2, 1, 0, 0, 0, 0, 1, 0, 0, 0, 0, 0, 2, 0, 0, 0, 0, 2, 2, 0, 0, 2, 0, 0, 2, 2, 1, 0, 0, 0, 1, 0, 1, 1, 0, 0, 0, 0, 0, 0, 2, 0, 0, 0, 0, 2, 2, 4, 3, 2, 0, 2, 4, 2, 1, 3, 1, 6, 2, 3, 5, 3, 4, 26, 0, 0, 0, 0, 0, 0]",4,14.979349822254214,-1,1
103,"[1, 0, 1, 1, 0, 7, 0, 1, 0, 0, 0, 2, 0, 0, 0, 0, 0, 2, 1, 0, 0, 0, 0, 1, 0, 0, 0, 0, 0, 2, 0, 0, 0, 0, 2, 2, 0, 0, 2, 0, 0, 2, 2, 1, 0, 0, 0, 1, 0, 1, 1, 0, 0, 0, 0, 0, 0, 2, 0, 0, 0, 0, 2, 2, 4, 3, 2, 0, 2, 4, 2, 1, 3, 1, 6, 2, 3, 5, 3, 4, 26, 0, 1, 0, 0, 0, 0]",2,0.5998103606711293,-1,0
104,"[1, 0, 1, 1, 0, 7, 0, 1, 0, 0, 0, 2, 0, 0, 0, 0, 0, 2, 1, 0, 0, 0, 0, 1, 0, 0, 0, 0, 0, 2, 0, 0, 0, 0, 2, 2, 0, 0, 2, 0, 0, 2, 2, 1, 0, 0, 0, 1, 0, 1, 1, 0, 0, 0, 0, 0, 0, 2, 0, 0, 0, 0, 2, 2, 4, 3, 2, 0, 2, 4, 2, 1, 3, 1, 6, 2, 3, 5, 3, 4, 26, 0, 1, 0, 0, 1, 0]","[[0 0 1 0]
 [0 0 0 1]]",0.8502352257292202,-1,0
105,"[1, 0, 1, 1, 0, 7, 0, 1, 0, 0, 0, 2, 0, 0, 0, 0, 0, 2, 1, 0, 0, 0, 0, 1, 0, 0, 0, 0, 0, 2, 0, 0, 0, 0, 2, 2, 0, 0, 2, 0, 0, 2, 2, 1, 0, 0, 0, 1, 0, 1, 1, 0, 0, 0, 0, 0, 0, 2, 0, 0, 0, 0, 2, 2, 4, 3, 2, 0, 2, 4, 2, 1, 3, 1, 6, 2, 3, 5, 3, 4, 26, 0, 1, 0, 0, 0, 1]",2,-0.0001896393288707451,-1,1
106,"[1, 0, 1, 1, 0, 7, 0, 1, 0, 0, 0, 2, 0, 0, 0, 0, 0, 2, 1, 0, 0, 0, 0, 1, 0, 0, 0, 0, 0, 2, 0, 0, 0, 0, 2, 2, 0, 0, 2, 0, 0, 2, 2, 1, 0, 0, 0, 1, 0, 1, 1, 0, 0, 0, 0, 0, 0, 2, 0, 0, 0, 0, 2, 2, 4, 3, 2, 0, 2, 4, 2, 1, 3, 1, 6, 2, 3, 5, 3, 4, 26, 0, 0, 1, 0, 0, 0]","[[0 1 0 0]
 [1 0 0 0]]",-0.0001896393288707451,-1,1
107,"[0, 1, 1, 1, 1, 6, 0, 1, 0, 0, 0, 2, 0, 0, 0, 0, 0, 2, 1, 0, 0, 0, 0, 1, 0, 0, 0, 0, 0, 2, 0, 0, 0, 0, 2, 2, 0, 0, 2, 0, 0, 2, 2, 1, 0, 0, 0, 1, 0, 1, 1, 0, 0, 0, 0, 0, 0, 2, 0, 0, 0, 0, 2, 2, 4, 3, 2, 0, 2, 4, 2, 1, 3, 1, 6, 2, 3, 5, 3, 4, 26, 0, 0, 0, 0, 0, 0]",0,-0.0001896393288707451,-1,0
108,"[0, 1, 1, 1, 1, 6, 0, 1, 0, 0, 0, 2, 0, 0, 0, 0, 0, 2, 1, 0, 0, 0, 0, 1, 0, 0, 0, 0, 0, 2, 0, 0, 0, 0, 2, 2, 0, 0, 2, 0, 0, 2, 2, 1, 0, 0, 0, 1, 0, 1, 1, 0, 0, 0, 0, 0, 0, 2, 0, 0, 0, 0, 2, 2, 4, 3, 2, 0, 2, 4, 2, 1, 3, 1, 6, 2, 3, 5, 3, 4, 26, 1, 0, 0, 0, 0, 0]",3,0.3998103606711293,-1,0
109,"[0, 1, 1, 1, 1, 6, 0, 1, 0, 0, 0, 2, 0, 0, 0, 0, 0, 2, 1, 0, 0, 0, 0, 1, 0, 0, 0, 0, 0, 2, 0, 0, 0, 0, 2, 2, 0, 0, 2, 0, 0, 2, 2, 1, 0, 0, 0, 1, 0, 1, 1, 0, 0, 0, 0, 0, 0, 2, 0, 0, 0, 0, 2, 2, 4, 3, 2, 0, 2, 4, 2, 1, 3, 1, 6, 2, 3, 5, 3, 4, 26, 0, 0, 0, 0, 0, 0]",-1,-0.038552579290178315,-1,0
110,"[1, 1, 1, 1, 2, 6, 0, 2, 0, 0, 0, 2, 0, 0, 0, 0, 0, 2, 1, 0, 0, 0, 0, 1, 0, 0, 0, 0, 0, 2, 0, 0, 0, 0, 2, 2, 0, 0, 2, 0, 0, 2, 2, 1, 0, 0, 0, 1, 0, 1, 1, 0, 0, 0, 0, 0, 0, 2, 0, 0, 0, 0, 2, 2, 4, 3, 2, 0, 2, 4, 2, 1, 3, 1, 6, 2, 3, 5, 3, 4, 27, 0, 0, 0, 0, 0, 0]",4,12.676907787561253,-1,0
111,"[1, 1, 1, 1, 2, 6, 0, 2, 0, 0, 0, 2, 0, 0, 0, 0, 0, 2, 1, 0, 0, 0, 0, 1, 0, 0, 0, 0, 0, 2, 0, 0, 0, 0, 2, 2, 0, 0, 2, 0, 0, 2, 2, 1, 0, 0, 0, 1, 0, 1, 1, 0, 0, 0, 0, 0, 0, 2, 0, 0, 0, 0, 2, 2, 4, 3, 2, 0, 2, 4, 2, 1, 3, 1, 6, 2, 3, 5, 3, 4, 27, 0, 0, 0, 0, 0, 0]",0,0.44252150140446894,-1,1
112,"[1, 1, 1, 1, 1, 5, 0, 2, 0, 0, 0, 2, 0, 0, 0, 0, 0, 2, 1, 0, 0, 0, 0, 1, 0, 0, 0, 0, 0, 2, 0, 0, 0, 0, 2, 2, 0, 0, 2, 0, 0, 2, 2, 1, 0, 0, 0, 1, 0, 1, 1, 0, 0, 0, 0, 0, 0, 2, 2, 0, 0, 0, 2, 2, 4, 3, 2, 0, 2, 4, 2, 1, 3, 1, 6, 2, 3, 5, 3, 4, 27, 0, 0, 0, 0, 0, 0]",26,0.8173771051745394,-1,1
113,"[1, 1, 1, 1, 1, 5, 0, 2, 0, 0, 0, 2, 0, 0, 0, 0, 0, 2, 1, 0, 0, 0, 0, 1, 0, 0, 0, 0, 0, 2, 0, 0, 0, 0, 2, 2, 0, 0, 2, 0, 0, 2, 2, 1, 0, 0, 0, 1, 0, 1, 1, 0, 0, 0, 0, 0, 0, 2, 2, 0, 0, 0, 2, 2, 4, 3, 2, 0, 2, 4, 2, 1, 3, 1, 6, 2, 3, 5, 3, 4, 27, 0, 0, 0, 0, 0, 0]",0,0.38320841923451215,-1,1
114,"[1, 1, 1, 1, 0, 4, 0, 2, 0, 0, 0, 2, 0, 0, 0, 0, 0, 2, 1, 0, 0, 0, 0, 1, 0, 0, 0, 0, 0, 2, 0, 0, 0, 0, 2, 2, 0, 0, 2, 0, 0, 2, 2, 1, 0, 0, 0, 1, 0, 1, 1, 0, 0, 0, 0, 0, 0, 2, 2, 2, 0, 0, 2, 2, 4, 3, 2, 0, 2, 4, 2, 1, 3, 1, 6, 2, 3, 5, 3, 4, 27, 0, 0, 0, 0, 0, 0]",27,0.8173771051745394,-1,1
115,"[2, 1, 1, 1, 1, 4, 0, 3, 0, 0, 0, 2, 0, 0, 0, 0, 0, 2, 1, 0, 0, 0, 0, 1, 0, 0, 0, 0, 0, 2, 0, 0, 0, 0, 2, 2, 0, 0, 2, 0, 0, 2, 2, 1, 0, 0, 0, 1, 0, 1, 1, 0, 0, 0, 0, 0, 0, 2, 2, 2, 0, 0, 2, 2, 4, 3, 2, 0, 2, 4, 2, 1, 3, 1, 6, 2, 3, 5, 3, 4, 28, 0, 0, 0, 0, 0, 0]",4,17.936952943002446,-1,1
116,"[2, 1, 1, 1, 1, 4, 0, 3, 0, 0, 0, 2, 0, 0, 0, 0, 0, 2, 1, 0, 0, 0, 0, 1, 0, 0, 0, 0, 0, 2, 0, 0, 0, 0, 2, 2, 0, 0, 2, 0, 0, 2, 2, 1, 0, 0, 0, 1, 0, 1, 1, 0, 0, 0, 0, 0, 0, 2, 2, 2, 0, 0, 2, 2, 4, 3, 2, 0, 2, 4, 2, 1, 3, 1, 6, 2, 3, 5, 3, 4, 28, 1, 0, 0, 0, 0, 0]",3,0.3997945823898577,-1,0
117,"[0, 1, 1, 2, 1, 4, 0, 3, 0, 0, 0, 2, 0, 0, 0, 0, 0, 2, 1, 0, 0, 0, 0, 1, 0, 0, 0, 0, 0, 2, 0, 0, 0, 0, 2, 2, 0, 0, 2, 0, 0, 2, 2, 1, 0, 0, 0, 1, 0, 1, 1, 0, 0, 0, 0, 0, 0, 2, 2, 2, 0, 0, 2, 2, 4, 3, 2, 0, 2, 4, 2, 1, 3, 1, 6, 2, 3, 5, 3, 4, 28, 0, 0, 0, 0, 0, 0]","[[2 0 0 0]
 [0 0 0 1]]",0.0012522643008987492,-1,0
118,"[0, 1, 1, 2, 1, 5, 0, 3, 0, 0, 0, 2, 0, 0, 0, 0, 0, 2, 1, 0, 0, 0, 0, 1, 0, 0, 0, 0, 0, 2, 0, 0, 0, 0, 2, 2, 0, 0, 2, 0, 0, 2, 2, 1, 0, 0, 0, 1, 0, 1, 1, 0, 0, 0, 0, 0, 0, 2, 2, 2, 0, 0, 2, 2, 4, 3, 2, 0, 2, 4, 2, 1, 3, 1, 6, 2, 3, 5, 3, 4, 29, 0, 0, 0, 0, 0, 0]",4,11.849133145618927,-1,0
119,"[0, 2, 1, 2, 1, 6, 0, 3, 0, 0, 0, 2, 0, 0, 0, 0, 0, 2, 1, 0, 0, 0, 0, 1, 0, 0, 0, 0, 0, 2, 0, 0, 0, 0, 2, 2, 0, 0, 2, 0, 0, 2, 2, 1, 0, 0, 0, 1, 0, 1, 1, 0, 0, 0, 0, 0, 0, 2, 2, 2, 0, 0, 2, 2, 4, 3, 2, 0, 2, 4, 2, 1, 3, 1, 6, 2, 3, 5, 3, 4, 30, 0, 0, 0, 0, 0, 0]",4,17.81845487870061,-1,1
120,"[0, 2, 1, 2, 1, 6, 0, 3, 0, 0, 0, 2, 0, 0, 0, 0, 0, 2, 1, 0, 0, 0, 0, 1, 0, 0, 0, 0, 0, 2, 0, 0, 0, 0, 2, 2, 0, 0, 2, 0, 0, 2, 2, 1, 0, 0, 0, 1, 0, 1, 1, 0, 0, 0, 0, 0, 0, 2, 2, 2, 0, 0, 2, 2, 4, 3, 2, 0, 2, 4, 2, 1, 3, 1, 6, 2, 3, 5, 3, 4, 30, 1, 0, 0, 0, 0, 0]",3,0.39977749279342795,-1,0
121,"[0, 0, 2, 2, 1, 6, 0, 3, 0, 0, 0, 2, 0, 0, 0, 0, 0, 2, 1, 0, 0, 0, 0, 1, 0, 0, 0, 0, 0, 2, 0, 0, 0, 0, 2, 2, 0, 0, 2, 0, 0, 2, 2, 1, 0, 0, 0, 1, 0, 1, 1, 0, 0, 0, 0, 0, 0, 2, 2, 2, 0, 0, 2, 2, 4, 3, 2, 0, 2, 4, 2, 1, 3, 1, 6, 2, 3, 5, 3, 4, 30, 0, 0, 0, 0, 0, 0]","[[0 2 0 0]
 [0 0 1 0]]",0.001235174704468989,-1,0
122,"[0, 0, 2, 2, 1, 6, 0, 3, 0, 0, 0, 2, 0, 0, 0, 0, 0, 2, 1, 0, 0, 0, 0, 1, 0, 0, 0, 0, 0, 2, 0, 0, 0, 0, 2, 2, 0, 0, 2, 0, 0, 2, 2, 1, 0, 0, 0, 1, 0, 1, 1, 0, 0, 0, 0, 0, 0, 2, 2, 2, 0, 0, 2, 2, 4, 3, 2, 0, 2, 4, 2, 1, 3, 1, 6, 2, 3, 5, 3, 4, 30, 0, 1, 0, 0, 0, 0]",2,0.599777492793428,-1,0
123,"[0, 0, 2, 2, 1, 6, 0, 3, 0, 0, 0, 2, 0, 0, 0, 0, 0, 2, 1, 0, 0, 0, 0, 1, 0, 0, 0, 0, 0, 2, 0, 0, 0, 0, 2, 2, 0, 0, 2, 0, 0, 2, 2, 1, 0, 0, 0, 1, 0, 1, 1, 0, 0, 0, 0, 0, 0, 2, 2, 2, 0, 0, 2, 2, 4, 3, 2, 0, 2, 4, 2, 1, 3, 1, 6, 2, 3, 5, 3, 4, 30, 0, 1, 0, 0, 1, 0]","[[0 0 1 0]
 [0 1 0 0]]",0.8502023578515189,-1,0
124,"[0, 0, 2, 2, 1, 6, 0, 3, 0, 0, 0, 2, 0, 0, 0, 0, 0, 2, 1, 0, 0, 0, 0, 1, 0, 0, 0, 0, 0, 2, 0, 0, 0, 0, 2, 2, 0, 0, 2, 0, 0, 2, 2, 1, 0, 0, 0, 1, 0, 1, 1, 0, 0, 0, 0, 0, 0, 2, 2, 2, 0, 0, 2, 2, 4, 3, 2, 0, 2, 4, 2, 1, 3, 1, 6, 2, 3, 5, 3, 4, 30, 0, 0, 0, 0, 0, 0]",1,-0.500222507206572,-1,1
125,"[0, 0, 2, 2, 1, 6, 0, 3, 0, 0, 0, 2, 0, 0, 0, 0, 0, 2, 1, 0, 0, 0, 0, 1, 0, 0, 0, 0, 0, 2, 0, 0, 0, 0, 2, 2, 0, 0, 2, 0, 0, 2, 2, 1, 0, 0, 0, 1, 0, 1, 1, 0, 0, 0, 0, 0, 0, 2, 2, 2, 0, 0, 2, 2, 4, 3, 2, 0, 2, 4, 2, 1, 3, 1, 6, 2, 3, 5, 3, 4, 30, 1, 0, 0, 0, 0, 0]",3,0.39977749279342795,-1,0
126,"[1, 0, 2, 0, 1, 6, 0, 3, 0, 0, 0, 2, 0, 0, 0, 0, 0, 2, 1, 0, 0, 0, 0, 1, 0, 0, 0, 0, 0, 2, 0, 0, 0, 0, 2, 2, 0, 0, 2, 0, 0, 2, 2, 1, 0, 0, 0, 1, 0, 1, 1, 0, 0, 0, 0, 0, 0, 2, 2, 2, 0, 0, 2, 2, 4, 3, 2, 0, 2, 4, 2, 1, 3, 1, 6, 2, 3, 5, 3, 4, 30, 0, 0, 0, 0, 0, 0]","[[0 0 0 2]
 [1 0 0 0]]",0.001235174704468989,-1,0
127,"[1, 0, 2, 0, 1, 6, 0, 3, 0, 0, 0, 2, 0, 0, 0, 0, 0, 2, 1, 0, 0, 0, 0, 1, 0, 0, 0, 0, 0, 2, 0, 0, 0, 0, 2, 2, 0, 0, 2, 0, 0, 2, 2, 1, 0, 0, 0, 1, 0, 1, 1, 0, 0, 0, 0, 0, 0, 2, 2, 2, 0, 0, 2, 2, 4, 3, 2, 0, 2, 4, 2, 1, 3, 1, 6, 2, 3, 5, 3, 4, 30, 1, 0, 0, 0, 0, 0]",3,0.39977749279342795,-1,0
128,"[1, 0, 0, 1, 1, 6, 0, 3, 0, 0, 0, 2, 0, 0, 0, 0, 0, 2, 1, 0, 0, 0, 0, 1, 0, 0, 0, 0, 0, 2, 0, 0, 0, 0, 2, 2, 0, 0, 2, 0, 0, 2, 2, 1, 0, 0, 0, 1, 0, 1, 1, 0, 0, 0, 0, 0, 0, 2, 2, 2, 0, 0, 2, 2, 4, 3, 2, 0, 2, 4, 2, 1, 3, 1, 6, 2, 3, 5, 3, 4, 30, 0, 0, 0, 0, 0, 0]","[[0 0 2 0]
 [0 0 0 1]]",0.001235174704468989,-1,0
129,"[1, 1, 0, 1, 1, 7, 0, 3, 0, 0, 0, 2, 0, 0, 0, 0, 0, 2, 1, 0, 0, 0, 0, 1, 0, 0, 0, 0, 0, 2, 0, 0, 0, 0, 2, 2, 0, 0, 2, 0, 0, 2, 2, 1, 0, 0, 0, 1, 0, 1, 1, 0, 0, 0, 0, 0, 0, 2, 2, 2, 0, 0, 2, 2, 4, 3, 2, 0, 2, 4, 2, 1, 3, 1, 6, 2, 3, 5, 3, 4, 31, 0, 0, 0, 0, 0, 0]",4,12.007243528694774,-1,0
130,"[1, 1, 0, 1, 1, 8, 0, 3, 0, 0, 0, 2, 0, 0, 0, 0, 0, 2, 1, 0, 0, 0, 0, 1, 0, 0, 0, 0, 0, 2, 0, 0, 0, 0, 2, 2, 0, 0, 2, 0, 0, 2, 2, 1, 0, 0, 0, 1, 0, 1, 1, 0, 0, 0, 0, 0, 0, 2, 2, 2, 0, 0, 2, 2, 4, 3, 2, 0, 2, 4, 2, 1, 3, 1, 6, 2, 3, 5, 3, 4, 32, 0, 0, 0, 0, 0, 0]",4,17.73119999605095,-1,1
131,"[2, 1, 0, 1, 2, 8, 0, 4, 0, 0, 0, 2, 0, 0, 0, 0, 0, 2, 1, 0, 0, 0, 0, 1, 0, 0, 0, 0, 0, 2, 0, 0, 0, 0, 2, 2, 0, 0, 2, 0, 0, 2, 2, 1, 0, 0, 0, 1, 0, 1, 1, 0, 0, 0, 0, 0, 0, 2, 2, 2, 0, 0, 2, 2, 4, 3, 2, 0, 2, 4, 2, 1, 3, 1, 6, 2, 3, 5, 3, 4, 33, 0, 0, 0, 0, 0, 0]",4,11.84613262648679,-1,0
132,"[2, 1, 0, 1, 2, 8, 0, 4, 0, 0, 0, 2, 0, 0, 0, 0, 0, 2, 1, 0, 0, 0, 0, 1, 0, 0, 0, 0, 0, 2, 0, 0, 0, 0, 2, 2, 0, 0, 2, 0, 0, 2, 2, 1, 0, 0, 0, 1, 0, 1, 1, 0, 0, 0, 0, 0, 0, 2, 2, 2, 0, 0, 2, 2, 4, 3, 2, 0, 2, 4, 2, 1, 3, 1, 6, 2, 3, 5, 3, 4, 33, 0, 1, 0, 0, 0, 0]",2,0.5997491594055806,-1,1
133,"[2, 1, 0, 1, 2, 8, 0, 4, 0, 0, 0, 2, 0, 0, 0, 0, 0, 2, 1, 0, 0, 0, 0, 1, 0, 0, 0, 0, 0, 2, 0, 0, 0, 0, 2, 2, 0, 0, 2, 0, 0, 2, 2, 1, 0, 0, 0, 1, 0, 1, 1, 0, 0, 0, 0, 0, 0, 2, 2, 2, 0, 0, 2, 2, 4, 3, 2, 0, 2, 4, 2, 1, 3, 1, 6, 2, 3, 5, 3, 4, 33, 0, 1, 0, 0, 1, 0]","[[1 0 0 0]
 [0 1 0 0]]",0.8501740244636715,-1,1
134,"[3, 0, 0, 1, 1, 9, 0, 4, 0, 0, 0, 2, 0, 0, 0, 0, 0, 2, 1, 0, 0, 0, 0, 1, 0, 0, 0, 0, 0, 2, 0, 0, 0, 0, 2, 2, 0, 0, 2, 0, 0, 2, 2, 1, 0, 0, 0, 1, 0, 1, 1, 0, 0, 0, 0, 0, 0, 2, 2, 2, 0, 0, 2, 2, 4, 3, 2, 0, 2, 4, 2, 1, 3, 1, 6, 2, 3, 5, 3, 4, 33, 0, 0, 0, 0, 0, 0]",0,-0.0002508405944193776,-1,0
135,"[3, 0, 0, 1, 1, 9, 0, 4, 0, 0, 0, 2, 0, 0, 0, 0, 0, 2, 1, 0, 0, 0, 0, 1, 0, 0, 0, 0, 0, 2, 0, 0, 0, 0, 2, 2, 0, 0, 2, 0, 0, 2, 2, 1, 0, 0, 0, 1, 0, 1, 1, 0, 0, 0, 0, 0, 0, 2, 2, 2, 0, 0, 2, 2, 4, 3, 2, 0, 2, 4, 2, 1, 3, 1, 6, 2, 3, 5, 3, 4, 34, 0, 0, 0, 0, 0, 0]",4,17.734881773418365,-1,1
136,"[3, 0, 0, 1, 1, 9, 0, 4, 0, 0, 0, 2, 0, 0, 0, 0, 0, 2, 1, 0, 0, 0, 0, 1, 0, 0, 0, 0, 0, 2, 0, 0, 0, 0, 2, 2, 0, 0, 2, 0, 0, 2, 2, 1, 0, 0, 0, 1, 0, 1, 1, 0, 0, 0, 0, 0, 0, 2, 2, 2, 0, 0, 2, 2, 4, 3, 2, 0, 2, 4, 2, 1, 3, 1, 6, 2, 3, 5, 3, 4, 34, 1, 0, 0, 0, 0, 0]",3,0.39973893576929465,-1,0
137,"[1, 0, 0, 2, 1, 9, 0, 4, 0, 0, 0, 2, 0, 0, 0, 0, 0, 2, 1, 0, 0, 0, 0, 1, 0, 0, 0, 0, 0, 2, 0, 0, 0, 0, 2, 2, 0, 0, 2, 0, 0, 2, 2, 1, 0, 0, 0, 1, 0, 1, 1, 0, 0, 0, 0, 0, 0, 2, 2, 2, 0, 0, 2, 2, 4, 3, 2, 0, 2, 4, 2, 1, 3, 1, 6, 2, 3, 5, 3, 4, 34, 0, 0, 0, 0, 0, 0]","[[2 0 0 0]
 [0 0 0 1]]",0.001196617680335699,-1,0
138,"[1, 0, 0, 2, 1, 9, 0, 4, 0, 0, 0, 2, 0, 0, 0, 0, 0, 2, 1, 0, 0, 0, 0, 1, 0, 0, 0, 0, 0, 2, 0, 0, 0, 0, 2, 2, 0, 0, 2, 0, 0, 2, 2, 1, 0, 0, 0, 1, 0, 1, 1, 0, 0, 0, 0, 0, 0, 2, 2, 2, 0, 0, 2, 2, 4, 3, 2, 0, 2, 4, 2, 1, 3, 1, 6, 2, 3, 5, 3, 4, 34, 0, 1, 0, 0, 0, 0]",2,0.5997389357692946,-1,0
139,"[1, 0, 0, 2, 1, 9, 0, 4, 0, 0, 0, 2, 0, 0, 0, 0, 0, 2, 1, 0, 0, 0, 0, 1, 0, 0, 0, 0, 0, 2, 0, 0, 0, 0, 2, 2, 0, 0, 2, 0, 0, 2, 2, 1, 0, 0, 0, 1, 0, 1, 1, 0, 0, 0, 0, 0, 0, 2, 2, 2, 0, 0, 2, 2, 4, 3, 2, 0, 2, 4, 2, 1, 3, 1, 6, 2, 3, 5, 3, 4, 34, 0, 1, 0, 0, 1, 0]","[[1 0 0 0]
 [0 1 0 0]]",0.8501638008273855,-1,0
140,"[1, 0, 0, 2, 1, 9, 0, 4, 0, 0, 0, 2, 0, 0, 0, 0, 0, 2, 1, 0, 0, 0, 0, 1, 0, 0, 0, 0, 0, 2, 0, 0, 0, 0, 2, 2, 0, 0, 2, 0, 0, 2, 2, 1, 0, 0, 0, 1, 0, 1, 1, 0, 0, 0, 0, 0, 0, 2, 2, 2, 0, 0, 2, 2, 4, 3, 2, 0, 2, 4, 2, 1, 3, 1, 6, 2, 3, 5, 3, 4, 34, 0, 1, 0, 0, 0, 1]",2,-0.0002610642307053542,-1,1
141,"[1, 0, 0, 2, 1, 9, 0, 4, 0, 0, 0, 2, 0, 0, 0, 0, 0, 2, 1, 0, 0, 0, 0, 1, 0, 0, 0, 0, 0, 2, 0, 0, 0, 0, 2, 2, 0, 0, 2, 0, 0, 2, 2, 1, 0, 0, 0, 1, 0, 1, 1, 0, 0, 0, 0, 0, 0, 2, 2, 2, 0, 0, 2, 2, 4, 3, 2, 0, 2, 4, 2, 1, 3, 1, 6, 2, 3, 5, 3, 4, 34, 0, 0, 1, 0, 0, 0]","[[1 0 0 0]
 [0 0 0 1]]",-0.0002610642307053542,-1,1
142,"[1, 0, 0, 2, 1, 9, 0, 4, 0, 0, 0, 2, 0, 0, 0, 0, 0, 2, 1, 0, 0, 0, 0, 1, 0, 0, 0, 0, 0, 2, 0, 0, 0, 0, 2, 2, 0, 0, 2, 0, 0, 2, 2, 1, 0, 0, 0, 1, 0, 1, 1, 0, 0, 0, 0, 0, 0, 2, 2, 2, 0, 0, 2, 2, 4, 3, 2, 0, 2, 4, 2, 1, 3, 1, 6, 2, 3, 5, 3, 4, 34, 0, 0, 0, 0, 0, 0]",1,-0.6894800772289262,-1,0
143,"[1, 0, 0, 2, 1, 9, 0, 4, 0, 0, 0, 2, 0, 0, 0, 0, 0, 2, 1, 0, 0, 0, 0, 1, 0, 0, 0, 0, 0, 2, 0, 0, 0, 0, 2, 2, 0, 0, 2, 0, 0, 2, 2, 1, 0, 0, 0, 1, 0, 1, 1, 0, 0, 0, 0, 0, 0, 2, 2, 2, 0, 0, 2, 2, 4, 3, 2, 0, 2, 4, 2, 1, 3, 1, 6, 2, 3, 5, 3, 4, 34, 0, 1, 0, 0, 0, 0]",2,0.5997389357692946,-1,0
144,"[1, 0, 0, 2, 1, 9, 0, 4, 0, 0, 0, 2, 0, 0, 0, 0, 0, 2, 1, 0, 0, 0, 0, 1, 0, 0, 0, 0, 0, 2, 0, 0, 0, 0, 2, 2, 0, 0, 2, 0, 0, 2, 2, 1, 0, 0, 0, 1, 0, 1, 1, 0, 0, 0, 0, 0, 0, 2, 2, 2, 0, 0, 2, 2, 4, 3, 2, 0, 2, 4, 2, 1, 3, 1, 6, 2, 3, 5, 3, 4, 34, 0, 1, 0, 0, 1, 0]","[[0 0 0 1]
 [0 1 0 0]]",0.8501638008273855,-1,0
145,"[1, 1, 0, 1, 1, 8, 0, 5, 0, 0, 0, 2, 0, 0, 0, 0, 0, 2, 1, 0, 0, 0, 0, 1, 0, 0, 0, 0, 0, 2, 0, 0, 0, 0, 2, 2, 0, 0, 2, 0, 0, 2, 2, 1, 0, 0, 0, 1, 0, 1, 1, 0, 0, 0, 0, 0, 0, 2, 2, 2, 0, 0, 2, 2, 4, 3, 2, 0, 2, 4, 2, 1, 3, 1, 6, 2, 3, 5, 3, 4, 34, 0, 0, 0, 0, 0, 0]",0,-0.0002610642307053542,-1,1
146,"[2, 1, 0, 1, 2, 8, 0, 6, 0, 0, 0, 2, 0, 0, 0, 0, 0, 2, 1, 0, 0, 0, 0, 1, 0, 0, 0, 0, 0, 2, 0, 0, 0, 0, 2, 2, 0, 0, 2, 0, 0, 2, 2, 1, 0, 0, 0, 1, 0, 1, 1, 0, 0, 0, 0, 0, 0, 2, 2, 2, 0, 0, 2, 2, 4, 3, 2, 0, 2, 4, 2, 1, 3, 1, 6, 2, 3, 5, 3, 4, 35, 0, 0, 0, 0, 0, 0]",4,11.844673891660017,-1,0
147,"[2, 2, 0, 1, 2, 9, 0, 6, 0, 0, 0, 2, 0, 0, 0, 0, 0, 2, 1, 0, 0, 0, 0, 1, 0, 0, 0, 0, 0, 2, 0, 0, 0, 0, 2, 2, 0, 0, 2, 0, 0, 2, 2, 1, 0, 0, 0, 1, 0, 1, 1, 0, 0, 0, 0, 0, 0, 2, 2, 2, 0, 0, 2, 2, 4, 3, 2, 0, 2, 4, 2, 1, 3, 1, 6, 2, 3, 5, 3, 4, 36, 0, 0, 0, 0, 0, 0]",4,17.83307376499533,-1,1
148,"[2, 2, 0, 1, 2, 9, 0, 6, 0, 0, 0, 2, 0, 0, 0, 0, 0, 2, 1, 0, 0, 0, 0, 1, 0, 0, 0, 0, 0, 2, 0, 0, 0, 0, 2, 2, 0, 0, 2, 0, 0, 2, 2, 1, 0, 0, 0, 1, 0, 1, 1, 0, 0, 0, 0, 0, 0, 2, 2, 2, 0, 0, 2, 2, 4, 3, 2, 0, 2, 4, 2, 1, 3, 1, 6, 2, 3, 5, 3, 4, 36, 0, 1, 0, 0, 0, 0]",2,0.5997172232375079,-1,0
149,"[2, 2, 0, 1, 2, 9, 0, 6, 0, 0, 0, 2, 0, 0, 0, 0, 0, 2, 1, 0, 0, 0, 0, 1, 0, 0, 0, 0, 0, 2, 0, 0, 0, 0, 2, 2, 0, 0, 2, 0, 0, 2, 2, 1, 0, 0, 0, 1, 0, 1, 1, 0, 0, 0, 0, 0, 0, 2, 2, 2, 0, 0, 2, 2, 4, 3, 2, 0, 2, 4, 2, 1, 3, 1, 6, 2, 3, 5, 3, 4, 36, 0, 1, 0, 0, 1, 0]","[[0 0 0 1]
 [1 0 0 0]]",0.8501420882955988,-1,0
150,"[2, 2, 0, 1, 2, 9, 0, 6, 0, 0, 0, 2, 0, 0, 0, 0, 0, 2, 1, 0, 0, 0, 0, 1, 0, 0, 0, 0, 0, 2, 0, 0, 0, 0, 2, 2, 0, 0, 2, 0, 0, 2, 2, 1, 0, 0, 0, 1, 0, 1, 1, 0, 0, 0, 0, 0, 0, 2, 2, 2, 0, 0, 2, 2, 4, 3, 2, 0, 2, 4, 2, 1, 3, 1, 6, 2, 3, 5, 3, 4, 36, 0, 1, 0, 0, 0, 1]",2,-0.0002827767624921297,-1,1
151,"[2, 2, 0, 1, 2, 9, 0, 6, 0, 0, 0, 2, 0, 0, 0, 0, 0, 2, 1, 0, 0, 0, 0, 1, 0, 0, 0, 0, 0, 2, 0, 0, 0, 0, 2, 2, 0, 0, 2, 0, 0, 2, 2, 1, 0, 0, 0, 1, 0, 1, 1, 0, 0, 0, 0, 0, 0, 2, 2, 2, 0, 0, 2, 2, 4, 3, 2, 0, 2, 4, 2, 1, 3, 1, 6, 2, 3, 5, 3, 4, 36, 0, 0, 1, 0, 0, 0]","[[1 0 0 0]
 [0 1 0 0]]",-0.0002827767624921297,-1,1
152,"[2, 2, 0, 1, 2, 9, 0, 6, 0, 0, 0, 2, 0, 0, 0, 0, 0, 2, 1, 0, 0, 0, 0, 1, 0, 0, 0, 0, 0, 2, 0, 0, 0, 0, 2, 2, 0, 0, 2, 0, 0, 2, 2, 1, 0, 0, 0, 1, 0, 1, 1, 0, 0, 0, 0, 0, 0, 2, 2, 2, 0, 0, 2, 2, 4, 3, 2, 0, 2, 4, 2, 1, 3, 1, 6, 2, 3, 5, 3, 4, 36, 0, 0, 0, 0, 0, 0]",1,-1.1214406224164577,-1,0
153,"[2, 2, 0, 1, 2, 9, 0, 6, 0, 0, 0, 2, 0, 0, 0, 0, 0, 2, 1, 0, 0, 0, 0, 1, 0, 0, 0, 0, 0, 2, 0, 0, 0, 0, 2, 2, 0, 0, 2, 0, 0, 2, 2, 1, 0, 0, 0, 1, 0, 1, 1, 0, 0, 0, 0, 0, 0, 2, 2, 2, 0, 0, 2, 2, 4, 3, 2, 0, 2, 4, 2, 1, 3, 1, 6, 2, 3, 5, 3, 4, 36, 0, 0, 0, 0, 0, 0]",0,0.5419348917065462,-1,0
154,"[1, 1, 0, 1, 2, 9, 0, 6, 0, 0, 0, 2, 0, 0, 0, 0, 0, 2, 1, 0, 0, 0, 0, 1, 0, 0, 0, 0, 0, 2, 0, 0, 0, 0, 2, 2, 0, 0, 2, 0, 0, 2, 2, 1, 0, 0, 0, 1, 0, 1, 1, 1, 0, 0, 0, 0, 0, 2, 2, 2, 0, 0, 2, 2, 4, 3, 2, 0, 2, 4, 2, 1, 3, 1, 6, 2, 3, 5, 3, 4, 36, 0, 0, 0, 0, 0, 0]",19,0.7911086959114629,-1,0
155,"[1, 1, 0, 1, 2, 9, 0, 6, 0, 0, 0, 2, 0, 0, 0, 0, 0, 2, 1, 0, 0, 0, 0, 1, 0, 0, 0, 0, 0, 2, 0, 0, 0, 0, 2, 2, 0, 0, 2, 0, 0, 2, 2, 1, 0, 0, 0, 1, 0, 1, 1, 1, 0, 0, 0, 0, 0, 2, 2, 2, 0, 0, 2, 2, 4, 3, 2, 0, 2, 4, 2, 1, 3, 1, 6, 2, 3, 5, 3, 4, 36, 0, 1, 0, 0, 0, 0]",2,0.5997172232375079,-1,0
156,"[1, 1, 0, 1, 2, 9, 0, 6, 0, 0, 0, 2, 0, 0, 0, 0, 0, 2, 1, 0, 0, 0, 0, 1, 0, 0, 0, 0, 0, 2, 0, 0, 0, 0, 2, 2, 0, 0, 2, 0, 0, 2, 2, 1, 0, 0, 0, 1, 0, 1, 1, 1, 0, 0, 0, 0, 0, 2, 2, 2, 0, 0, 2, 2, 4, 3, 2, 0, 2, 4, 2, 1, 3, 1, 6, 2, 3, 5, 3, 4, 36, 0, 0, 0, 0, 0, 0]",-1,-0.03488381630355155,-1,0
157,"[1, 1, 0, 1, 2, 10, 0, 6, 0, 0, 0, 2, 0, 0, 0, 0, 0, 2, 1, 0, 0, 0, 0, 1, 0, 0, 0, 0, 0, 2, 0, 0, 0, 0, 2, 2, 0, 0, 2, 0, 0, 2, 2, 1, 0, 0, 0, 1, 0, 1, 1, 1, 0, 0, 0, 0, 0, 2, 2, 2, 0, 0, 2, 2, 4, 3, 2, 0, 2, 4, 2, 1, 3, 1, 6, 2, 3, 5, 3, 4, 37, 0, 0, 0, 0, 0, 0]",4,13.40286661649775,-1,0
158,"[1, 1, 0, 1, 2, 11, 0, 6, 0, 0, 0, 2, 0, 0, 0, 0, 0, 2, 1, 0, 0, 0, 0, 1, 0, 0, 0, 0, 0, 2, 0, 0, 0, 0, 2, 2, 0, 0, 2, 0, 0, 2, 2, 1, 0, 0, 0, 1, 0, 1, 1, 1, 0, 0, 0, 0, 0, 2, 2, 2, 0, 0, 2, 2, 4, 3, 2, 0, 2, 4, 2, 1, 3, 1, 6, 2, 3, 5, 3, 4, 38, 0, 0, 0, 0, 0, 0]",4,17.790463425723644,-1,1
159,"[1, 1, 0, 1, 2, 11, 0, 6, 0, 0, 0, 2, 0, 0, 0, 0, 0, 2, 1, 0, 0, 0, 0, 1, 0, 0, 0, 0, 0, 2, 0, 0, 0, 0, 2, 2, 0, 0, 2, 0, 0, 2, 2, 1, 0, 0, 0, 1, 0, 1, 1, 1, 0, 0, 0, 0, 0, 2, 2, 2, 0, 0, 2, 2, 4, 3, 2, 0, 2, 4, 2, 1, 3, 1, 6, 2, 3, 5, 3, 4, 38, 0, 1, 0, 0, 0, 0]",2,0.5996937076585993,-1,0
160,"[1, 1, 0, 1, 2, 11, 0, 6, 0, 0, 0, 2, 0, 0, 0, 0, 0, 2, 1, 0, 0, 0, 0, 1, 0, 0, 0, 0, 0, 2, 0, 0, 0, 0, 2, 2, 0, 0, 2, 0, 0, 2, 2, 1, 0, 0, 0, 1, 0, 1, 1, 1, 0, 0, 0, 0, 0, 2, 2, 2, 0, 0, 2, 2, 4, 3, 2, 0, 2, 4, 2, 1, 3, 1, 6, 2, 3, 5, 3, 4, 38, 0, 0, 0, 0, 0, 0]",-1,-0.03419307046061779,-1,0
161,"[2, 1, 0, 1, 3, 11, 0, 7, 0, 0, 0, 2, 0, 0, 0, 0, 0, 2, 1, 0, 0, 0, 0, 1, 0, 0, 0, 0, 0, 2, 0, 0, 0, 0, 2, 2, 0, 0, 2, 0, 0, 2, 2, 1, 0, 0, 0, 1, 0, 1, 1, 1, 0, 0, 0, 0, 0, 2, 2, 2, 0, 0, 2, 2, 4, 3, 2, 0, 2, 4, 2, 1, 3, 1, 6, 2, 3, 5, 3, 4, 39, 0, 0, 0, 0, 0, 0]",4,13.241835931849417,-1,0
162,"[2, 1, 0, 1, 3, 11, 0, 7, 0, 0, 0, 2, 0, 0, 0, 0, 0, 2, 1, 0, 0, 0, 0, 1, 0, 0, 0, 0, 0, 2, 0, 0, 0, 0, 2, 2, 0, 0, 2, 0, 0, 2, 2, 1, 0, 0, 0, 1, 0, 1, 1, 1, 0, 0, 0, 0, 0, 2, 2, 2, 0, 0, 2, 2, 4, 3, 2, 0, 2, 4, 2, 1, 3, 1, 6, 2, 3, 5, 3, 4, 39, 0, 1, 0, 0, 0, 0]",2,0.5996812275543394,-1,1
163,"[2, 1, 0, 1, 3, 11, 0, 7, 0, 0, 0, 2, 0, 0, 0, 0, 0, 2, 1, 0, 0, 0, 0, 1, 0, 0, 0, 0, 0, 2, 0, 0, 0, 0, 2, 2, 0, 0, 2, 0, 0, 2, 2, 1, 0, 0, 0, 1, 0, 1, 1, 1, 0, 0, 0, 0, 0, 2, 2, 2, 0, 0, 2, 2, 4, 3, 2, 0, 2, 4, 2, 1, 3, 1, 6, 2, 3, 5, 3, 4, 39, 0, 1, 0, 0, 1, 0]","[[1 0 0 0]
 [0 1 0 0]]",0.8501060926124303,-1,1
164,"[2, 1, 0, 1, 3, 11, 0, 7, 0, 0, 0, 2, 0, 0, 0, 0, 0, 2, 1, 0, 0, 0, 0, 1, 0, 0, 0, 0, 0, 2, 0, 0, 0, 0, 2, 2, 0, 0, 2, 0, 0, 2, 2, 1, 0, 0, 0, 1, 0, 1, 1, 1, 0, 0, 0, 0, 0, 2, 2, 2, 0, 0, 2, 2, 4, 3, 2, 0, 2, 4, 2, 1, 3, 1, 6, 2, 3, 5, 3, 4, 39, 0, 0, 0, 0, 0, 0]",1,-0.0003187724456606018,-1,0
165,"[1, 1, 0, 1, 1, 5, 0, 3, 0, 0, 0, 2, 0, 0, 0, 0, 0, 2, 1, 0, 0, 0, 0, 1, 0, 0, 0, 0, 0, 2, 0, 0, 0, 0, 2, 2, 0, 0, 2, 0, 0, 2, 2, 1, 0, 0, 0, 1, 0, 1, 1, 1, 0, 0, 0, 0, 0, 2, 2, 2, 0, 0, 2, 2, 4, 3, 2, 0, 2, 4, 2, 1, 3, 1, 6, 2, 3, 5, 3, 6, 40, 0, 0, 0, 0, 0, 0]",4,17.86573607853383,-1,1
166,"[1, 1, 0, 1, 1, 5, 0, 3, 0, 0, 0, 2, 0, 0, 0, 0, 0, 2, 1, 0, 0, 0, 0, 1, 0, 0, 0, 0, 0, 2, 0, 0, 0, 0, 2, 2, 0, 0, 2, 0, 0, 2, 2, 1, 0, 0, 0, 1, 0, 1, 1, 1, 0, 0, 0, 0, 0, 2, 2, 2, 0, 0, 2, 2, 4, 3, 2, 0, 2, 4, 2, 1, 3, 1, 6, 2, 3, 5, 3, 6, 40, 1, 0, 0, 0, 0, 0]",3,0.39966823978396515,-1,0
167,"[1, 1, 0, 1, 1, 5, 0, 3, 0, 0, 0, 2, 0, 0, 0, 0, 0, 2, 1, 0, 0, 0, 0, 1, 0, 0, 0, 0, 0, 2, 0, 0, 0, 0, 2, 2, 0, 0, 2, 0, 0, 2, 2, 1, 0, 0, 0, 1, 0, 1, 1, 1, 0, 0, 0, 0, 0, 2, 2, 2, 0, 0, 2, 2, 4, 3, 2, 0, 2, 4, 2, 1, 3, 1, 6, 2, 3, 5, 3, 6, 40, 0, 0, 0, 0, 0, 0]",-1,-0.03351600230178197,-1,0
168,"[1, 1, 0, 1, 1, 6, 0, 3, 0, 0, 0, 2, 0, 0, 0, 0, 0, 2, 1, 0, 0, 0, 0, 1, 0, 0, 0, 0, 0, 2, 0, 0, 0, 0, 2, 2, 0, 0, 2, 0, 0, 2, 2, 1, 0, 0, 0, 1, 0, 1, 1, 1, 0, 0, 0, 0, 0, 2, 2, 2, 0, 0, 2, 2, 4, 3, 2, 0, 2, 4, 2, 1, 3, 1, 6, 2, 3, 5, 3, 6, 41, 0, 0, 0, 0, 0, 0]",4,17.810537757519743,-1,1
169,"[1, 1, 0, 1, 1, 8, 0, 3, 0, 0, 0, 2, 0, 0, 0, 0, 0, 2, 1, 0, 0, 0, 0, 1, 0, 0, 0, 0, 0, 2, 0, 0, 0, 0, 2, 2, 0, 0, 2, 0, 0, 2, 2, 1, 0, 0, 0, 1, 0, 1, 1, 1, 0, 0, 0, 0, 0, 2, 2, 2, 0, 0, 2, 2, 4, 3, 2, 0, 2, 4, 2, 1, 3, 1, 6, 2, 3, 5, 3, 6, 42, 0, 0, 0, 0, 0, 0]",4,13.39939896711764,-1,0
170,"[1, 1, 0, 1, 1, 9, 0, 3, 0, 0, 0, 2, 0, 0, 0, 0, 0, 2, 1, 0, 0, 0, 0, 1, 0, 0, 0, 0, 0, 2, 0, 0, 0, 0, 2, 2, 0, 0, 2, 0, 0, 2, 2, 1, 0, 0, 0, 1, 0, 1, 1, 1, 0, 0, 0, 0, 0, 2, 2, 2, 0, 0, 2, 2, 4, 3, 2, 0, 2, 4, 2, 1, 3, 1, 6, 2, 3, 5, 3, 6, 43, 0, 0, 0, 0, 0, 0]",4,17.68810769150005,-1,1
171,"[1, 1, 0, 1, 1, 10, 0, 3, 0, 0, 0, 2, 0, 0, 0, 0, 0, 2, 1, 0, 0, 0, 0, 1, 0, 0, 0, 0, 0, 2, 0, 0, 0, 0, 2, 2, 0, 0, 2, 0, 0, 2, 2, 1, 0, 0, 0, 1, 0, 1, 1, 1, 0, 0, 0, 0, 0, 2, 2, 2, 0, 0, 2, 2, 4, 3, 2, 0, 2, 4, 2, 1, 3, 1, 6, 2, 3, 5, 3, 6, 44, 0, 0, 0, 0, 0, 0]",4,13.398054981285439,-1,0
172,"[1, 1, 0, 1, 1, 10, 0, 3, 0, 0, 0, 2, 0, 0, 0, 0, 0, 2, 1, 0, 0, 0, 0, 1, 0, 0, 0, 0, 0, 2, 0, 0, 0, 0, 2, 2, 0, 0, 2, 0, 0, 2, 2, 1, 0, 0, 0, 1, 0, 1, 1, 1, 0, 0, 0, 0, 0, 2, 2, 2, 0, 0, 2, 2, 4, 3, 2, 0, 2, 4, 2, 1, 3, 1, 6, 2, 3, 5, 3, 6, 44, 0, 1, 0, 0, 0, 0]",2,0.5996107878029828,-1,1
173,"[1, 1, 0, 1, 1, 10, 0, 3, 0, 0, 0, 2, 0, 0, 0, 0, 0, 2, 1, 0, 0, 0, 0, 1, 0, 0, 0, 0, 0, 2, 0, 0, 0, 0, 2, 2, 0, 0, 2, 0, 0, 2, 2, 1, 0, 0, 0, 1, 0, 1, 1, 1, 0, 0, 0, 0, 0, 2, 2, 2, 0, 0, 2, 2, 4, 3, 2, 0, 2, 4, 2, 1, 3, 1, 6, 2, 3, 5, 3, 6, 44, 0, 1, 0, 0, 1, 0]","[[1 0 0 0]
 [0 1 0 0]]",0.8500356528610737,-1,1
174,"[1, 1, 0, 1, 1, 10, 0, 3, 0, 0, 0, 2, 0, 0, 0, 0, 0, 2, 1, 0, 0, 0, 0, 1, 0, 0, 0, 0, 0, 2, 0, 0, 0, 0, 2, 2, 0, 0, 2, 0, 0, 2, 2, 1, 0, 0, 0, 1, 0, 1, 1, 1, 0, 0, 0, 0, 0, 2, 2, 2, 0, 0, 2, 2, 4, 3, 2, 0, 2, 4, 2, 1, 3, 1, 6, 2, 3, 5, 3, 6, 44, 0, 0, 0, 0, 0, 0]",1,-0.00038921219701711166,-1,0
175,"[1, 1, 0, 1, 1, 5, 0, 1, 0, 0, 0, 2, 0, 0, 0, 0, 0, 2, 1, 0, 0, 0, 0, 1, 0, 0, 0, 0, 0, 2, 0, 0, 0, 0, 2, 2, 0, 0, 2, 0, 0, 2, 2, 1, 0, 0, 0, 1, 0, 1, 1, 1, 0, 0, 0, 0, 0, 2, 2, 2, 0, 0, 2, 2, 4, 3, 2, 0, 2, 4, 2, 1, 3, 1, 6, 2, 3, 5, 3, 3, 45, 0, 0, 0, 0, 0, 0]",4,17.74062183942343,-1,1
176,"[1, 1, 0, 1, 1, 5, 0, 1, 0, 0, 0, 2, 0, 0, 0, 0, 0, 2, 1, 0, 0, 0, 0, 1, 0, 0, 0, 0, 0, 2, 0, 0, 0, 0, 2, 2, 0, 0, 2, 0, 0, 2, 2, 1, 0, 0, 0, 1, 0, 1, 1, 1, 0, 0, 0, 0, 0, 2, 2, 2, 0, 0, 2, 2, 4, 3, 2, 0, 2, 4, 2, 1, 3, 1, 6, 2, 3, 5, 3, 3, 45, 1, 0, 0, 0, 0, 0]",3,0.39959493592219003,-1,0
177,"[1, 1, 0, 1, 1, 5, 0, 1, 0, 0, 0, 2, 0, 0, 0, 0, 0, 2, 1, 0, 0, 0, 0, 1, 0, 0, 0, 0, 0, 2, 0, 0, 0, 0, 2, 2, 0, 0, 2, 0, 0, 2, 2, 1, 0, 0, 0, 1, 0, 1, 1, 1, 0, 0, 0, 0, 0, 2, 2, 2, 0, 0, 2, 2, 4, 3, 2, 0, 2, 4, 2, 1, 3, 1, 6, 2, 3, 5, 3, 3, 45, 0, 0, 0, 0, 0, 0]",-1,-0.03188140758108867,-1,0
178,"[1, 1, 0, 1, 1, 5, 0, 1, 0, 0, 0, 2, 0, 0, 0, 0, 0, 2, 1, 0, 0, 0, 0, 1, 0, 0, 0, 0, 0, 2, 0, 0, 0, 0, 2, 2, 0, 0, 2, 0, 0, 2, 2, 1, 0, 0, 0, 1, 0, 1, 1, 1, 0, 0, 0, 0, 0, 2, 2, 2, 0, 0, 2, 2, 4, 3, 2, 0, 2, 4, 2, 1, 3, 1, 6, 2, 3, 5, 3, 3, 46, 0, 0, 0, 0, 0, 0]",4,17.739964516342695,-1,1
179,"[1, 1, 0, 1, 1, 5, 0, 1, 0, 0, 0, 2, 0, 0, 0, 0, 0, 2, 1, 0, 0, 0, 0, 1, 0, 0, 0, 0, 0, 2, 0, 0, 0, 0, 2, 2, 0, 0, 2, 0, 0, 2, 2, 1, 0, 0, 0, 1, 0, 1, 1, 1, 0, 0, 0, 0, 0, 2, 2, 2, 0, 0, 2, 2, 4, 3, 2, 0, 2, 4, 2, 1, 3, 1, 6, 2, 3, 5, 3, 3, 46, 1, 0, 0, 0, 0, 0]",3,0.3995784397875914,-1,0
180,"[1, 1, 0, 1, 1, 5, 0, 1, 0, 0, 0, 2, 0, 0, 0, 0, 0, 2, 1, 0, 0, 0, 0, 1, 0, 0, 0, 0, 0, 2, 0, 0, 0, 0, 2, 2, 0, 0, 2, 0, 0, 2, 2, 1, 0, 0, 0, 1, 0, 1, 1, 1, 0, 0, 0, 0, 0, 2, 2, 2, 0, 0, 2, 2, 4, 3, 2, 0, 2, 4, 2, 1, 3, 1, 6, 2, 3, 5, 3, 3, 46, 0, 0, 0, 0, 0, 0]",-1,-0.0315641822753463,-1,0
181,"[1, 1, 0, 1, 1, 5, 0, 1, 0, 0, 0, 2, 0, 0, 0, 0, 0, 2, 1, 0, 0, 0, 0, 1, 0, 0, 0, 0, 0, 2, 0, 0, 0, 0, 2, 2, 0, 0, 2, 0, 0, 2, 2, 1, 0, 0, 0, 1, 0, 1, 1, 1, 0, 0, 0, 0, 0, 2, 2, 2, 0, 0, 2, 2, 4, 3, 2, 0, 2, 4, 2, 1, 3, 1, 6, 2, 3, 5, 3, 3, 46, 1, 0, 0, 0, 0, 0]",3,0.3995784397875914,-1,0
182,"[1, 1, 0, 1, 1, 5, 0, 1, 0, 0, 0, 2, 0, 0, 0, 0, 0, 2, 1, 0, 0, 0, 0, 1, 0, 0, 0, 0, 0, 2, 0, 0, 0, 0, 2, 2, 0, 0, 2, 0, 0, 2, 2, 1, 0, 0, 0, 1, 0, 1, 1, 1, 0, 0, 0, 0, 0, 2, 2, 2, 0, 0, 2, 2, 4, 3, 2, 0, 2, 4, 2, 1, 3, 1, 6, 2, 3, 5, 3, 3, 46, 0, 0, 0, 0, 0, 0]",-1,-0.0315641822753463,-1,0
183,"[1, 1, 0, 1, 1, 5, 0, 1, 0, 0, 0, 2, 0, 0, 0, 0, 0, 2, 1, 0, 0, 0, 0, 1, 0, 0, 0, 0, 0, 2, 0, 0, 0, 0, 2, 2, 0, 0, 2, 0, 0, 2, 2, 1, 0, 0, 0, 1, 0, 1, 1, 1, 0, 0, 0, 0, 0, 2, 2, 2, 0, 0, 2, 2, 4, 3, 2, 0, 2, 4, 2, 1, 3, 1, 6, 2, 3, 5, 3, 3, 46, 0, 0, 0, 0, 0, 0]",0,0.49455318661817466,-1,0
184,"[1, 1, 0, 1, 1, 5, 0, 1, 0, 0, 0, 2, 0, 0, 0, 0, 0, 2, 1, 0, 0, 0, 0, 1, 0, 0, 0, 0, 0, 2, 0, 0, 0, 0, 2, 2, 0, 0, 2, 0, 0, 2, 2, 1, 0, 0, 0, 1, 0, 1, 1, 1, 0, 0, 0, 0, 0, 2, 2, 2, 0, 0, 2, 2, 4, 3, 2, 0, 2, 4, 2, 1, 3, 1, 6, 2, 3, 5, 3, 3, 46, 0, 0, 0, 0, 0, 0]",-1,-0.0315641822753463,-1,0
185,"[1, 1, 0, 1, 1, 5, 0, 1, 0, 0, 0, 2, 0, 0, 0, 0, 0, 2, 1, 0, 0, 0, 0, 1, 0, 0, 0, 0, 0, 2, 0, 0, 0, 0, 2, 2, 0, 0, 2, 0, 0, 2, 2, 1, 0, 0, 0, 1, 0, 1, 1, 1, 0, 0, 0, 0, 0, 2, 2, 2, 0, 0, 2, 2, 4, 3, 2, 0, 2, 4, 2, 1, 3, 1, 6, 2, 3, 5, 3, 3, 46, 0, 1, 0, 0, 0, 0]",2,0.5995784397875913,-1,0
186,"[1, 1, 0, 1, 1, 5, 0, 1, 0, 0, 0, 2, 0, 0, 0, 0, 0, 2, 1, 0, 0, 0, 0, 1, 0, 0, 0, 0, 0, 2, 0, 0, 0, 0, 2, 2, 0, 0, 2, 0, 0, 2, 2, 1, 0, 0, 0, 1, 0, 1, 1, 1, 0, 0, 0, 0, 0, 2, 2, 2, 0, 0, 2, 2, 4, 3, 2, 0, 2, 4, 2, 1, 3, 1, 6, 2, 3, 5, 3, 3, 46, 0, 0, 0, 0, 0, 0]",-1,-0.0315641822753463,-1,0
187,"[1, 1, 0, 1, 1, 6, 0, 1, 0, 0, 0, 2, 0, 0, 0, 0, 0, 2, 1, 0, 0, 0, 0, 1, 0, 0, 0, 0, 0, 2, 0, 0, 0, 0, 2, 2, 0, 0, 2, 0, 0, 2, 2, 1, 0, 0, 0, 1, 0, 1, 1, 1, 0, 0, 0, 0, 0, 2, 2, 2, 0, 0, 2, 2, 4, 3, 2, 0, 2, 4, 2, 1, 3, 1, 6, 2, 3, 5, 3, 3, 47, 0, 0, 0, 0, 0, 0]",4,13.396082921889475,-1,0
188,"[1, 1, 0, 1, 1, 3, 0, 1, 0, 0, 0, 2, 0, 0, 0, 0, 0, 2, 1, 0, 0, 0, 0, 1, 0, 0, 0, 0, 0, 2, 0, 0, 0, 0, 2, 2, 0, 0, 2, 0, 0, 2, 2, 1, 0, 0, 0, 1, 0, 1, 1, 1, 0, 0, 0, 0, 0, 2, 2, 2, 0, 0, 2, 2, 4, 3, 2, 0, 2, 4, 2, 1, 3, 1, 6, 2, 3, 5, 3, 2, 48, 0, 0, 0, 0, 0, 0]",4,18.014999102573,-1,1
189,"[1, 1, 0, 1, 1, 3, 0, 1, 0, 0, 0, 2, 0, 0, 0, 0, 0, 2, 1, 0, 0, 0, 0, 1, 0, 0, 0, 0, 0, 2, 0, 0, 0, 0, 2, 2, 0, 0, 2, 0, 0, 2, 2, 1, 0, 0, 0, 1, 0, 1, 1, 1, 0, 0, 0, 0, 0, 2, 2, 2, 0, 0, 2, 2, 4, 3, 2, 0, 2, 4, 2, 1, 3, 1, 6, 2, 3, 5, 3, 2, 48, 0, 1, 0, 0, 0, 0]",2,0.5995434094292994,-1,0
190,"[1, 1, 0, 1, 1, 3, 0, 1, 0, 0, 0, 2, 0, 0, 0, 0, 0, 2, 1, 0, 0, 0, 0, 1, 0, 0, 0, 0, 0, 2, 0, 0, 0, 0, 2, 2, 0, 0, 2, 0, 0, 2, 2, 1, 0, 0, 0, 1, 0, 1, 1, 1, 0, 0, 0, 0, 0, 2, 2, 2, 0, 0, 2, 2, 4, 3, 2, 0, 2, 4, 2, 1, 3, 1, 6, 2, 3, 5, 3, 2, 48, 0, 1, 0, 0, 1, 0]","[[1 0 0 0]
 [0 0 0 1]]",0.8499682744873903,-1,0
191,"[1, 1, 0, 1, 1, 3, 0, 1, 0, 0, 0, 2, 0, 0, 0, 0, 0, 2, 1, 0, 0, 0, 0, 1, 0, 0, 0, 0, 0, 2, 0, 0, 0, 0, 2, 2, 0, 0, 2, 0, 0, 2, 2, 1, 0, 0, 0, 1, 0, 1, 1, 1, 0, 0, 0, 0, 0, 2, 2, 2, 0, 0, 2, 2, 4, 3, 2, 0, 2, 4, 2, 1, 3, 1, 6, 2, 3, 5, 3, 2, 48, 0, 0, 0, 0, 0, 0]",1,-2.5985328019240166,-1,1
192,"[1, 1, 0, 1, 1, 3, 0, 1, 0, 0, 0, 2, 0, 0, 0, 0, 0, 2, 1, 0, 0, 0, 0, 1, 0, 0, 0, 0, 0, 2, 0, 0, 0, 0, 2, 2, 0, 0, 2, 0, 0, 2, 2, 1, 0, 0, 0, 1, 0, 1, 1, 1, 0, 0, 0, 0, 0, 2, 2, 2, 0, 0, 2, 2, 4, 3, 2, 0, 2, 4, 2, 1, 3, 1, 6, 2, 3, 5, 3, 2, 48, 0, 0, 0, 0, 0, 0]",0,0.49451815625988266,-1,0
193,"[1, 1, 0, 1, 1, 3, 0, 1, 0, 0, 0, 2, 0, 0, 0, 0, 0, 2, 1, 0, 0, 0, 0, 1, 0, 0, 0, 0, 0, 2, 0, 0, 0, 0, 2, 2, 0, 0, 2, 0, 0, 2, 2, 1, 0, 0, 0, 1, 0, 1, 1, 1, 0, 0, 0, 0, 0, 2, 2, 2, 0, 0, 2, 2, 4, 3, 2, 0, 2, 4, 2, 1, 3, 1, 6, 2, 3, 5, 3, 2, 48, 0, 0, 0, 0, 0, 0]",-1,-0.030939169590307042,-1,0
194,"[1, 1, 0, 1, 1, 3, 0, 1, 0, 0, 0, 2, 0, 0, 0, 0, 0, 2, 1, 0, 0, 0, 0, 1, 0, 0, 0, 0, 0, 2, 0, 0, 0, 0, 2, 2, 0, 0, 2, 0, 0, 2, 2, 1, 0, 0, 0, 1, 0, 1, 1, 1, 0, 0, 0, 0, 0, 2, 2, 2, 0, 0, 2, 2, 4, 3, 2, 0, 2, 4, 2, 1, 3, 1, 6, 2, 3, 5, 3, 2, 48, 0, 0, 0, 0, 0, 0]",0,0.49451815625988266,-1,0
195,"[1, 1, 0, 1, 1, 3, 0, 1, 0, 0, 0, 2, 0, 0, 0, 0, 0, 2, 1, 0, 0, 0, 0, 1, 0, 0, 0, 0, 0, 2, 0, 0, 0, 0, 2, 2, 0, 0, 2, 0, 0, 2, 2, 1, 0, 0, 0, 1, 0, 1, 1, 1, 0, 0, 0, 0, 0, 2, 2, 2, 0, 0, 2, 2, 4, 3, 2, 0, 2, 4, 2, 1, 3, 1, 6, 2, 3, 5, 3, 2, 48, 0, 0, 0, 0, 0, 0]",-1,-0.030939169590307042,-1,0
196,"[1, 1, 0, 1, 1, 3, 0, 1, 0, 0, 0, 2, 0, 0, 0, 0, 0, 2, 1, 0, 0, 0, 0, 1, 0, 0, 0, 0, 0, 2, 0, 0, 0, 0, 2, 2, 0, 0, 2, 0, 0, 2, 2, 1, 0, 0, 0, 1, 0, 1, 1, 1, 0, 0, 0, 0, 0, 2, 2, 2, 0, 0, 2, 2, 4, 3, 2, 0, 2, 4, 2, 1, 3, 1, 6, 2, 3, 5, 3, 2, 48, 0, 0, 0, 0, 0, 0]",0,0.49451815625988266,-1,0
197,"[1, 1, 0, 1, 1, 3, 0, 1, 0, 0, 0, 2, 0, 0, 0, 0, 0, 2, 1, 0, 0, 0, 0, 1, 0, 0, 0, 0, 0, 2, 0, 0, 0, 0, 2, 2, 0, 0, 2, 0, 0, 2, 2, 1, 0, 0, 0, 1, 0, 1, 1, 1, 0, 0, 0, 0, 0, 2, 2, 2, 0, 0, 2, 2, 4, 3, 2, 0, 2, 4, 2, 1, 3, 1, 6, 2, 3, 5, 3, 2, 48, 0, 0, 0, 0, 0, 0]",-1,-0.030939169590307042,-1,0
198,"[1, 1, 0, 1, 1, 3, 0, 1, 0, 0, 0, 2, 0, 0, 0, 0, 0, 2, 1, 0, 0, 0, 0, 1, 0, 0, 0, 0, 0, 2, 0, 0, 0, 0, 2, 2, 0, 0, 2, 0, 0, 2, 2, 1, 0, 0, 0, 1, 0, 1, 1, 1, 0, 0, 0, 0, 0, 2, 2, 2, 0, 0, 2, 2, 4, 3, 2, 0, 2, 4, 2, 1, 3, 1, 6, 2, 3, 5, 3, 2, 48, 1, 0, 0, 0, 0, 0]",3,0.3995434094292994,-1,0
199,"[1, 1, 0, 1, 1, 3, 0, 1, 0, 0, 0, 2, 0, 0, 0, 0, 0, 2, 1, 0, 0, 0, 0, 1, 0, 0, 0, 0, 0, 2, 0, 0, 0, 0, 2, 2, 0, 0, 2, 0, 0, 2, 2, 1, 0, 0, 0, 1, 0, 1, 1, 1, 0, 0, 0, 0, 0, 2, 2, 2, 0, 0, 2, 2, 4, 3, 2, 0, 2, 4, 2, 1, 3, 1, 6, 2, 3, 5, 3, 2, 48, 0, 0, 0, 0, 0, 0]",-1,-0.030939169590307042,-1,0
200,"[1, 1, 0, 1, 1, 3, 0, 1, 0, 0, 0, 2, 0, 0, 0, 0, 0, 2, 1, 0, 0, 0, 0, 1, 0, 0, 0, 0, 0, 2, 0, 0, 0, 0, 2, 2, 0, 0, 2, 0, 0, 2, 2, 1, 0, 0, 0, 1, 0, 1, 1, 1, 0, 0, 0, 0, 0, 2, 2, 2, 0, 0, 2, 2, 4, 3, 2, 0, 2, 4, 2, 1, 3, 1, 6, 2, 3, 5, 3, 2, 48, 1, 0, 0, 0, 0, 0]",3,0.3995434094292994,-1,0
201,"[1, 1, 0, 1, 1, 3, 0, 1, 0, 0, 0, 2, 0, 0, 0, 0, 0, 2, 1, 0, 0, 0, 0, 1, 0, 0, 0, 0, 0, 2, 0, 0, 0, 0, 2, 2, 0, 0, 2, 0, 0, 2, 2, 1, 0, 0, 0, 1, 0, 1, 1, 1, 0, 0, 0, 0, 0, 2, 2, 2, 0, 0, 2, 2, 4, 3, 2, 0, 2, 4, 2, 1, 3, 1, 6, 2, 3, 5, 3, 2, 48, 0, 0, 0, 0, 0, 0]",-1,-0.030939169590307042,-1,0
202,"[1, 1, 0, 1, 1, 3, 0, 1, 0, 0, 0, 2, 0, 0, 0, 0, 0, 2, 1, 0, 0, 0, 0, 1, 0, 0, 0, 0, 0, 2, 0, 0, 0, 0, 2, 2, 0, 0, 2, 0, 0, 2, 2, 1, 0, 0, 0, 1, 0, 1, 1, 1, 0, 0, 0, 0, 0, 2, 2, 2, 0, 0, 2, 2, 4, 3, 2, 0, 2, 4, 2, 1, 3, 1, 6, 2, 3, 5, 3, 2, 48, 0, 0, 0, 0, 0, 0]",0,0.49451815625988266,-1,0
203,"[1, 1, 0, 1, 1, 3, 0, 1, 0, 0, 0, 2, 0, 0, 0, 0, 0, 2, 1, 0, 0, 0, 0, 1, 0, 0, 0, 0, 0, 2, 0, 0, 0, 0, 2, 2, 0, 0, 2, 0, 0, 2, 2, 1, 0, 0, 0, 1, 0, 1, 1, 1, 0, 0, 0, 0, 0, 2, 2, 2, 0, 0, 2, 2, 4, 3, 2, 0, 2, 4, 2, 1, 3, 1, 6, 2, 3, 5, 3, 2, 48, 0, 0, 0, 0, 0, 0]",-1,-0.030939169590307042,-1,0
204,"[1, 2, 0, 1, 1, 4, 0, 1, 0, 0, 0, 2, 0, 0, 0, 0, 0, 2, 1, 0, 0, 0, 0, 1, 0, 0, 0, 0, 0, 2, 0, 0, 0, 0, 2, 2, 0, 0, 2, 0, 0, 2, 2, 1, 0, 0, 0, 1, 0, 1, 1, 1, 0, 0, 0, 0, 0, 2, 2, 2, 0, 0, 2, 2, 4, 3, 2, 0, 2, 4, 2, 1, 3, 1, 6, 2, 3, 5, 3, 2, 49, 0, 0, 0, 0, 0, 0]",4,13.235171722441168,-1,0
205,"[1, 2, 0, 1, 1, 4, 0, 1, 0, 0, 0, 2, 0, 0, 0, 0, 0, 2, 1, 0, 0, 0, 0, 1, 0, 0, 0, 0, 0, 2, 0, 0, 0, 0, 2, 2, 0, 0, 2, 0, 0, 2, 2, 1, 0, 0, 0, 1, 0, 1, 1, 1, 0, 0, 0, 0, 0, 2, 2, 2, 0, 0, 2, 2, 4, 3, 2, 0, 2, 4, 2, 1, 3, 1, 6, 2, 3, 5, 3, 2, 49, 0, 1, 0, 0, 0, 0]",2,0.599524819886711,-1,1
206,"[1, 2, 0, 1, 1, 4, 0, 1, 0, 0, 0, 2, 0, 0, 0, 0, 0, 2, 1, 0, 0, 0, 0, 1, 0, 0, 0, 0, 0, 2, 0, 0, 0, 0, 2, 2, 0, 0, 2, 0, 0, 2, 2, 1, 0, 0, 0, 1, 0, 1, 1, 1, 0, 0, 0, 0, 0, 2, 2, 2, 0, 0, 2, 2, 4, 3, 2, 0, 2, 4, 2, 1, 3, 1, 6, 2, 3, 5, 3, 2, 49, 0, 1, 0, 0, 1, 0]","[[1 0 0 0]
 [0 0 0 1]]",0.8499496849448019,-1,1
207,"[1, 2, 0, 1, 1, 4, 0, 1, 0, 0, 0, 2, 0, 0, 0, 0, 0, 2, 1, 0, 0, 0, 0, 1, 0, 0, 0, 0, 0, 2, 0, 0, 0, 0, 2, 2, 0, 0, 2, 0, 0, 2, 2, 1, 0, 0, 0, 1, 0, 1, 1, 1, 0, 0, 0, 0, 0, 2, 2, 2, 0, 0, 2, 2, 4, 3, 2, 0, 2, 4, 2, 1, 3, 1, 6, 2, 3, 5, 3, 2, 49, 0, 0, 0, 0, 0, 0]",1,-0.0004751801132889973,-1,0
208,"[1, 2, 0, 1, 1, 5, 0, 1, 0, 0, 0, 2, 0, 0, 0, 0, 0, 2, 1, 0, 0, 0, 0, 1, 0, 0, 0, 0, 0, 2, 0, 0, 0, 0, 2, 2, 0, 0, 2, 0, 0, 2, 2, 1, 0, 0, 0, 1, 0, 1, 1, 1, 0, 0, 0, 0, 0, 2, 2, 2, 0, 0, 2, 2, 4, 3, 2, 0, 2, 4, 2, 1, 3, 1, 6, 2, 3, 5, 3, 2, 50, 0, 0, 0, 0, 0, 0]",4,17.73739137618004,-1,1
209,"[1, 2, 0, 1, 1, 5, 0, 1, 0, 0, 0, 2, 0, 0, 0, 0, 0, 2, 1, 0, 0, 0, 0, 1, 0, 0, 0, 0, 0, 2, 0, 0, 0, 0, 2, 2, 0, 0, 2, 0, 0, 2, 2, 1, 0, 0, 0, 1, 0, 1, 1, 1, 0, 0, 0, 0, 0, 2, 2, 2, 0, 0, 2, 2, 4, 3, 2, 0, 2, 4, 2, 1, 3, 1, 6, 2, 3, 5, 3, 2, 50, 0, 1, 0, 0, 0, 0]",2,0.599505475368673,-1,0
210,"[1, 2, 0, 1, 1, 5, 0, 1, 0, 0, 0, 2, 0, 0, 0, 0, 0, 2, 1, 0, 0, 0, 0, 1, 0, 0, 0, 0, 0, 2, 0, 0, 0, 0, 2, 2, 0, 0, 2, 0, 0, 2, 2, 1, 0, 0, 0, 1, 0, 1, 1, 1, 0, 0, 0, 0, 0, 2, 2, 2, 0, 0, 2, 2, 4, 3, 2, 0, 2, 4, 2, 1, 3, 1, 6, 2, 3, 5, 3, 2, 50, 0, 1, 0, 0, 1, 0]","[[0 0 0 1]
 [1 0 0 0]]",0.849930340426764,-1,0
211,"[2, 2, 0, 0, 0, 5, 0, 2, 0, 0, 0, 2, 0, 0, 0, 0, 0, 2, 1, 0, 0, 0, 0, 1, 0, 0, 0, 0, 0, 2, 0, 0, 0, 0, 2, 2, 0, 0, 2, 0, 0, 2, 2, 1, 0, 0, 0, 1, 0, 1, 1, 1, 0, 0, 0, 0, 0, 2, 2, 2, 0, 0, 2, 2, 4, 3, 2, 0, 2, 4, 2, 1, 3, 1, 6, 2, 3, 5, 3, 2, 50, 0, 0, 0, 0, 0, 0]",0,-0.0004945246313269549,-1,1
212,"[2, 2, 0, 0, 0, 5, 0, 2, 0, 0, 0, 2, 0, 0, 0, 0, 0, 2, 1, 0, 0, 0, 0, 1, 0, 0, 0, 0, 0, 2, 0, 0, 0, 0, 2, 2, 0, 0, 2, 0, 0, 2, 2, 1, 0, 0, 0, 1, 0, 1, 1, 1, 0, 0, 0, 0, 0, 2, 2, 2, 0, 0, 2, 2, 4, 3, 2, 0, 2, 4, 2, 1, 3, 1, 6, 2, 3, 5, 3, 2, 50, 1, 0, 0, 0, 0, 0]",3,0.3995054753686731,-1,0
213,"[2, 0, 0, 1, 0, 5, 0, 2, 0, 0, 0, 2, 0, 0, 0, 0, 0, 2, 1, 0, 0, 0, 0, 1, 0, 0, 0, 0, 0, 2, 0, 0, 0, 0, 2, 2, 0, 0, 2, 0, 0, 2, 2, 1, 0, 0, 0, 1, 0, 1, 1, 1, 0, 0, 0, 0, 0, 2, 2, 2, 0, 0, 2, 2, 4, 3, 2, 0, 2, 4, 2, 1, 3, 1, 6, 2, 3, 5, 3, 2, 50, 0, 0, 0, 0, 0, 0]","[[0 2 0 0]
 [0 0 0 1]]",0.0009631572797140984,-1,0
214,"[2, 0, 0, 1, 0, 5, 0, 2, 0, 0, 0, 2, 0, 0, 0, 0, 0, 2, 1, 0, 0, 0, 0, 1, 0, 0, 0, 0, 0, 2, 0, 0, 0, 0, 2, 2, 0, 0, 2, 0, 0, 2, 2, 1, 0, 0, 0, 1, 0, 1, 1, 1, 0, 0, 0, 0, 0, 2, 2, 2, 0, 0, 2, 2, 4, 3, 2, 0, 2, 4, 2, 1, 3, 1, 6, 2, 3, 5, 3, 2, 50, 0, 1, 0, 0, 0, 0]",2,0.599505475368673,-1,0
215,"[2, 0, 0, 1, 0, 5, 0, 2, 0, 0, 0, 2, 0, 0, 0, 0, 0, 2, 1, 0, 0, 0, 0, 1, 0, 0, 0, 0, 0, 2, 0, 0, 0, 0, 2, 2, 0, 0, 2, 0, 0, 2, 2, 1, 0, 0, 0, 1, 0, 1, 1, 1, 0, 0, 0, 0, 0, 2, 2, 2, 0, 0, 2, 2, 4, 3, 2, 0, 2, 4, 2, 1, 3, 1, 6, 2, 3, 5, 3, 2, 50, 0, 1, 0, 0, 1, 0]","[[1 0 0 0]
 [0 0 0 1]]",0.849930340426764,-1,0
216,"[2, 0, 0, 1, 0, 5, 0, 2, 0, 0, 0, 2, 0, 0, 0, 0, 0, 2, 1, 0, 0, 0, 0, 1, 0, 0, 0, 0, 0, 2, 0, 0, 0, 0, 2, 2, 0, 0, 2, 0, 0, 2, 2, 1, 0, 0, 0, 1, 0, 1, 1, 1, 0, 0, 0, 0, 0, 2, 2, 2, 0, 0, 2, 2, 4, 3, 2, 0, 2, 4, 2, 1, 3, 1, 6, 2, 3, 5, 3, 2, 50, 0, 0, 0, 0, 0, 0]",1,-2.598570735984643,-1,1
217,"[2, 0, 0, 1, 0, 5, 0, 2, 0, 0, 0, 2, 0, 0, 0, 0, 0, 2, 1, 0, 0, 0, 0, 1, 0, 0, 0, 0, 0, 2, 0, 0, 0, 0, 2, 2, 0, 0, 2, 0, 0, 2, 2, 1, 0, 0, 0, 1, 0, 1, 1, 1, 0, 0, 0, 0, 0, 2, 2, 2, 0, 0, 2, 2, 4, 3, 2, 0, 2, 4, 2, 1, 3, 1, 6, 2, 3, 5, 3, 2, 50, 0, 1, 0, 0, 0, 0]",2,0.599505475368673,-1,0
218,"[2, 0, 0, 1, 0, 5, 0, 2, 0, 0, 0, 2, 0, 0, 0, 0, 0, 2, 1, 0, 0, 0, 0, 1, 0, 0, 0, 0, 0, 2, 0, 0, 0, 0, 2, 2, 0, 0, 2, 0, 0, 2, 2, 1, 0, 0, 0, 1, 0, 1, 1, 1, 0, 0, 0, 0, 0, 2, 2, 2, 0, 0, 2, 2, 4, 3, 2, 0, 2, 4, 2, 1, 3, 1, 6, 2, 3, 5, 3, 2, 50, 0, 1, 0, 0, 1, 0]","[[1 0 0 0]
 [0 1 0 0]]",0.849930340426764,-1,0
219,"[2, 0, 0, 1, 0, 5, 0, 2, 0, 0, 0, 2, 0, 0, 0, 0, 0, 2, 1, 0, 0, 0, 0, 1, 0, 0, 0, 0, 0, 2, 0, 0, 0, 0, 2, 2, 0, 0, 2, 0, 0, 2, 2, 1, 0, 0, 0, 1, 0, 1, 1, 1, 0, 0, 0, 0, 0, 2, 2, 2, 0, 0, 2, 2, 4, 3, 2, 0, 2, 4, 2, 1, 3, 1, 6, 2, 3, 5, 3, 2, 50, 0, 1, 0, 0, 0, 1]",2,-0.0004945246313269549,-1,1
220,"[2, 0, 0, 1, 0, 5, 0, 2, 0, 0, 0, 2, 0, 0, 0, 0, 0, 2, 1, 0, 0, 0, 0, 1, 0, 0, 0, 0, 0, 2, 0, 0, 0, 0, 2, 2, 0, 0, 2, 0, 0, 2, 2, 1, 0, 0, 0, 1, 0, 1, 1, 1, 0, 0, 0, 0, 0, 2, 2, 2, 0, 0, 2, 2, 4, 3, 2, 0, 2, 4, 2, 1, 3, 1, 6, 2, 3, 5, 3, 2, 50, 0, 0, 1, 0, 0, 0]","[[0 1 0 0]
 [2 0 0 0]]",-0.0004945246313269549,-1,1
221,"[2, 0, 0, 1, 0, 5, 0, 2, 0, 0, 0, 2, 0, 0, 0, 0, 0, 2, 1, 0, 0, 0, 0, 1, 0, 0, 0, 0, 0, 2, 0, 0, 0, 0, 2, 2, 0, 0, 2, 0, 0, 2, 2, 1, 0, 0, 0, 1, 0, 1, 1, 1, 0, 0, 0, 0, 0, 2, 2, 2, 0, 0, 2, 2, 4, 3, 2, 0, 2, 4, 2, 1, 3, 1, 6, 2, 3, 5, 3, 2, 50, 0, 0, 0, 0, 0, 0]",1,-1.5839040175588,-1,0
222,"[1, 0, 0, 1, 0, 2, 0, 1, 0, 0, 0, 2, 0, 0, 0, 0, 0, 2, 1, 0, 0, 0, 0, 1, 0, 0, 0, 0, 0, 2, 0, 0, 0, 0, 2, 2, 0, 0, 2, 0, 0, 2, 2, 1, 0, 0, 0, 1, 0, 1, 1, 1, 0, 0, 0, 0, 0, 2, 2, 2, 0, 0, 2, 2, 4, 3, 2, 0, 2, 4, 2, 1, 3, 1, 6, 2, 3, 5, 3, 1, 51, 0, 0, 0, 0, 0, 0]",4,13.119601582634276,-1,0
223,"[1, 0, 0, 1, 0, 1, 0, 1, 0, 0, 0, 2, 0, 0, 0, 0, 0, 2, 1, 0, 0, 0, 0, 1, 0, 0, 0, 0, 0, 2, 0, 0, 0, 0, 2, 2, 0, 0, 2, 0, 0, 2, 2, 1, 0, 0, 0, 1, 0, 1, 1, 1, 0, 0, 0, 0, 0, 2, 2, 2, 0, 0, 2, 2, 4, 3, 2, 0, 2, 4, 2, 1, 3, 1, 6, 2, 3, 5, 3, 2, 52, 0, 0, 0, 0, 0, 0]",4,18.158977127337756,-1,1
224,"[1, 0, 0, 1, 0, 1, 0, 1, 0, 0, 0, 2, 0, 0, 0, 0, 0, 2, 1, 0, 0, 0, 0, 1, 0, 0, 0, 0, 0, 2, 0, 0, 0, 0, 2, 2, 0, 0, 2, 0, 0, 2, 2, 1, 0, 0, 0, 1, 0, 1, 1, 1, 0, 0, 0, 0, 0, 2, 2, 2, 0, 0, 2, 2, 4, 3, 2, 0, 2, 4, 2, 1, 3, 1, 6, 2, 3, 5, 3, 2, 52, 0, 1, 0, 0, 0, 0]",2,0.5994643981627573,-1,0
225,"[1, 0, 0, 1, 0, 1, 0, 1, 0, 0, 0, 2, 0, 0, 0, 0, 0, 2, 1, 0, 0, 0, 0, 1, 0, 0, 0, 0, 0, 2, 0, 0, 0, 0, 2, 2, 0, 0, 2, 0, 0, 2, 2, 1, 0, 0, 0, 1, 0, 1, 1, 1, 0, 0, 0, 0, 0, 2, 2, 2, 0, 0, 2, 2, 4, 3, 2, 0, 2, 4, 2, 1, 3, 1, 6, 2, 3, 5, 3, 2, 52, 0, 1, 0, 0, 1, 0]","[[1 0 0 0]
 [0 1 0 0]]",0.8498892632208482,-1,0
226,"[1, 0, 0, 1, 0, 1, 0, 1, 0, 0, 0, 2, 0, 0, 0, 0, 0, 2, 1, 0, 0, 0, 0, 1, 0, 0, 0, 0, 0, 2, 0, 0, 0, 0, 2, 2, 0, 0, 2, 0, 0, 2, 2, 1, 0, 0, 0, 1, 0, 1, 1, 1, 0, 0, 0, 0, 0, 2, 2, 2, 0, 0, 2, 2, 4, 3, 2, 0, 2, 4, 2, 1, 3, 1, 6, 2, 3, 5, 3, 2, 52, 0, 1, 0, 0, 0, 1]",2,-0.0005356018372426235,-1,1
227,"[1, 0, 0, 1, 0, 1, 0, 1, 0, 0, 0, 2, 0, 0, 0, 0, 0, 2, 1, 0, 0, 0, 0, 1, 0, 0, 0, 0, 0, 2, 0, 0, 0, 0, 2, 2, 0, 0, 2, 0, 0, 2, 2, 1, 0, 0, 0, 1, 0, 1, 1, 1, 0, 0, 0, 0, 0, 2, 2, 2, 0, 0, 2, 2, 4, 3, 2, 0, 2, 4, 2, 1, 3, 1, 6, 2, 3, 5, 3, 2, 52, 0, 0, 1, 0, 0, 0]","[[0 1 0 0]
 [1 0 0 0]]",-0.0005356018372426235,-1,1
228,"[0, 1, 0, 1, 1, 0, 0, 1, 0, 0, 0, 2, 0, 0, 0, 0, 0, 2, 1, 0, 0, 0, 0, 1, 0, 0, 0, 0, 0, 2, 0, 0, 0, 0, 2, 2, 0, 0, 2, 0, 0, 2, 2, 1, 0, 0, 0, 1, 0, 1, 1, 1, 0, 0, 0, 0, 0, 2, 2, 2, 0, 0, 2, 2, 4, 3, 2, 0, 2, 4, 2, 1, 3, 1, 6, 2, 3, 5, 3, 2, 52, 0, 0, 0, 0, 0, 0]",0,-0.0005356018372426235,-1,0
229,"[0, 1, 0, 1, 1, 2, 0, 1, 0, 0, 0, 2, 0, 0, 0, 0, 0, 2, 1, 0, 0, 0, 0, 1, 0, 0, 0, 0, 0, 2, 0, 0, 0, 0, 2, 2, 0, 0, 2, 0, 0, 2, 2, 1, 0, 0, 0, 1, 0, 1, 1, 1, 0, 0, 0, 0, 0, 2, 2, 2, 0, 0, 2, 2, 4, 3, 2, 0, 2, 4, 2, 1, 3, 1, 6, 2, 3, 5, 3, 2, 53, 0, 0, 0, 0, 0, 0]",4,13.118357826846987,-1,0
230,"[0, 1, 0, 1, 1, 1, 0, 1, 0, 0, 0, 2, 0, 0, 0, 0, 0, 2, 1, 0, 0, 0, 0, 1, 0, 0, 0, 0, 0, 2, 0, 0, 0, 0, 2, 2, 0, 0, 2, 0, 0, 2, 2, 1, 0, 0, 0, 1, 0, 1, 1, 1, 0, 0, 0, 0, 0, 2, 2, 2, 0, 0, 2, 2, 4, 3, 2, 0, 2, 4, 2, 1, 3, 1, 6, 2, 3, 5, 3, 4, 54, 0, 0, 0, 0, 0, 0]",4,18.431673699817598,-1,1
231,"[0, 2, 0, 1, 1, 2, 0, 1, 0, 0, 0, 2, 0, 0, 0, 0, 0, 2, 1, 0, 0, 0, 0, 1, 0, 0, 0, 0, 0, 2, 0, 0, 0, 0, 2, 2, 0, 0, 2, 0, 0, 2, 2, 1, 0, 0, 0, 1, 0, 1, 1, 1, 0, 0, 0, 0, 0, 2, 2, 2, 0, 0, 2, 2, 4, 3, 2, 0, 2, 4, 2, 1, 3, 1, 6, 2, 3, 5, 3, 4, 55, 0, 0, 0, 0, 0, 0]",4,12.913339783792441,-1,0
232,"[0, 2, 0, 1, 1, 2, 0, 1, 0, 0, 0, 2, 0, 0, 0, 0, 0, 2, 1, 0, 0, 0, 0, 1, 0, 0, 0, 0, 0, 2, 0, 0, 0, 0, 2, 2, 0, 0, 2, 0, 0, 2, 2, 1, 0, 0, 0, 1, 0, 1, 1, 1, 0, 0, 0, 0, 0, 2, 2, 2, 0, 0, 2, 2, 4, 3, 2, 0, 2, 4, 2, 1, 3, 1, 6, 2, 3, 5, 3, 4, 55, 0, 1, 0, 0, 0, 0]",2,0.5993963167350583,-1,1
233,"[0, 2, 0, 1, 1, 2, 0, 1, 0, 0, 0, 2, 0, 0, 0, 0, 0, 2, 1, 0, 0, 0, 0, 1, 0, 0, 0, 0, 0, 2, 0, 0, 0, 0, 2, 2, 0, 0, 2, 0, 0, 2, 2, 1, 0, 0, 0, 1, 0, 1, 1, 1, 0, 0, 0, 0, 0, 2, 2, 2, 0, 0, 2, 2, 4, 3, 2, 0, 2, 4, 2, 1, 3, 1, 6, 2, 3, 5, 3, 4, 55, 0, 1, 0, 0, 1, 0]","[[1 0 0 0]
 [0 1 0 0]]",0.8498211817931492,-1,1
234,"[1, 1, 0, 1, 0, 3, 0, 1, 0, 0, 0, 2, 0, 0, 0, 0, 0, 2, 1, 0, 0, 0, 0, 1, 0, 0, 0, 0, 0, 2, 0, 0, 0, 0, 2, 2, 0, 0, 2, 0, 0, 2, 2, 1, 0, 0, 0, 1, 0, 1, 1, 1, 0, 0, 0, 0, 0, 2, 2, 2, 0, 0, 2, 2, 4, 3, 2, 0, 2, 4, 2, 1, 3, 1, 6, 2, 3, 5, 3, 4, 55, 0, 0, 0, 0, 0, 0]",0,-0.0006036832649416848,-1,0
235,"[1, 1, 0, 1, 0, 3, 0, 1, 0, 0, 0, 2, 0, 0, 0, 0, 0, 2, 1, 0, 0, 0, 0, 1, 0, 0, 0, 0, 0, 2, 0, 0, 0, 0, 2, 2, 0, 0, 2, 0, 0, 2, 2, 1, 0, 0, 0, 1, 0, 1, 1, 1, 0, 0, 0, 0, 0, 2, 2, 2, 0, 0, 2, 2, 4, 3, 2, 0, 2, 4, 2, 1, 3, 1, 6, 2, 3, 5, 3, 4, 56, 0, 0, 0, 0, 0, 0]",4,17.79054129565412,-1,1
236,"[1, 1, 0, 1, 0, 3, 0, 1, 0, 0, 0, 2, 0, 0, 0, 0, 0, 2, 1, 0, 0, 0, 0, 1, 0, 0, 0, 0, 0, 2, 0, 0, 0, 0, 2, 2, 0, 0, 2, 0, 0, 2, 2, 1, 0, 0, 0, 1, 0, 1, 1, 1, 0, 0, 0, 0, 0, 2, 2, 2, 0, 0, 2, 2, 4, 3, 2, 0, 2, 4, 2, 1, 3, 1, 6, 2, 3, 5, 3, 4, 56, 0, 1, 0, 0, 0, 0]",2,0.599371757343034,-1,0
237,"[1, 1, 0, 1, 0, 3, 0, 1, 0, 0, 0, 2, 0, 0, 0, 0, 0, 2, 1, 0, 0, 0, 0, 1, 0, 0, 0, 0, 0, 2, 0, 0, 0, 0, 2, 2, 0, 0, 2, 0, 0, 2, 2, 1, 0, 0, 0, 1, 0, 1, 1, 1, 0, 0, 0, 0, 0, 2, 2, 2, 0, 0, 2, 2, 4, 3, 2, 0, 2, 4, 2, 1, 3, 1, 6, 2, 3, 5, 3, 4, 56, 0, 0, 0, 0, 0, 0]",-1,-0.028560453192440743,-1,0
238,"[1, 1, 0, 1, 0, 3, 0, 1, 0, 0, 0, 2, 0, 0, 0, 0, 0, 2, 1, 0, 0, 0, 0, 1, 0, 0, 0, 0, 0, 2, 0, 0, 0, 0, 2, 2, 0, 0, 2, 0, 0, 2, 2, 1, 0, 0, 0, 1, 0, 1, 1, 1, 0, 0, 0, 0, 0, 2, 2, 2, 0, 0, 2, 2, 4, 3, 2, 0, 2, 4, 2, 1, 3, 1, 6, 2, 3, 5, 3, 4, 56, 0, 1, 0, 0, 0, 0]",2,0.599371757343034,-1,0
239,"[1, 1, 0, 1, 0, 3, 0, 1, 0, 0, 0, 2, 0, 0, 0, 0, 0, 2, 1, 0, 0, 0, 0, 1, 0, 0, 0, 0, 0, 2, 0, 0, 0, 0, 2, 2, 0, 0, 2, 0, 0, 2, 2, 1, 0, 0, 0, 1, 0, 1, 1, 1, 0, 0, 0, 0, 0, 2, 2, 2, 0, 0, 2, 2, 4, 3, 2, 0, 2, 4, 2, 1, 3, 1, 6, 2, 3, 5, 3, 4, 56, 0, 0, 0, 0, 0, 0]",-1,-0.028560453192440743,-1,0
240,"[1, 1, 0, 1, 0, 3, 0, 1, 0, 0, 0, 2, 0, 0, 0, 0, 0, 2, 1, 0, 0, 0, 0, 1, 0, 0, 0, 0, 0, 2, 0, 0, 0, 0, 2, 2, 0, 0, 2, 0, 0, 2, 2, 1, 0, 0, 0, 1, 0, 1, 1, 1, 0, 0, 0, 0, 0, 2, 2, 2, 0, 0, 2, 2, 4, 3, 2, 0, 2, 4, 2, 1, 3, 1, 6, 2, 3, 5, 3, 4, 56, 1, 0, 0, 0, 0, 0]",3,0.39937175734303415,-1,0
241,"[1, 1, 0, 1, 0, 3, 0, 1, 0, 0, 0, 2, 0, 0, 0, 0, 0, 2, 1, 0, 0, 0, 0, 1, 0, 0, 0, 0, 0, 2, 0, 0, 0, 0, 2, 2, 0, 0, 2, 0, 0, 2, 2, 1, 0, 0, 0, 1, 0, 1, 1, 1, 0, 0, 0, 0, 0, 2, 2, 2, 0, 0, 2, 2, 4, 3, 2, 0, 2, 4, 2, 1, 3, 1, 6, 2, 3, 5, 3, 4, 56, 0, 0, 0, 0, 0, 0]",-1,-0.028560453192440743,-1,0
242,"[1, 1, 0, 1, 0, 3, 0, 1, 0, 0, 0, 2, 0, 0, 0, 0, 0, 2, 1, 0, 0, 0, 0, 1, 0, 0, 0, 0, 0, 2, 0, 0, 0, 0, 2, 2, 0, 0, 2, 0, 0, 2, 2, 1, 0, 0, 0, 1, 0, 1, 1, 1, 0, 0, 0, 0, 0, 2, 2, 2, 0, 0, 2, 2, 4, 3, 2, 0, 2, 4, 2, 1, 3, 1, 6, 2, 3, 5, 3, 4, 56, 0, 1, 0, 0, 0, 0]",2,0.599371757343034,-1,0
243,"[1, 1, 0, 1, 0, 3, 0, 1, 0, 0, 0, 2, 0, 0, 0, 0, 0, 2, 1, 0, 0, 0, 0, 1, 0, 0, 0, 0, 0, 2, 0, 0, 0, 0, 2, 2, 0, 0, 2, 0, 0, 2, 2, 1, 0, 0, 0, 1, 0, 1, 1, 1, 0, 0, 0, 0, 0, 2, 2, 2, 0, 0, 2, 2, 4, 3, 2, 0, 2, 4, 2, 1, 3, 1, 6, 2, 3, 5, 3, 4, 56, 0, 0, 0, 0, 0, 0]",-1,-0.028560453192440743,-1,0
244,"[1, 1, 0, 1, 0, 3, 0, 1, 0, 0, 0, 2, 0, 0, 0, 0, 0, 2, 1, 0, 0, 0, 0, 1, 0, 0, 0, 0, 0, 2, 0, 0, 0, 0, 2, 2, 0, 0, 2, 0, 0, 2, 2, 1, 0, 0, 0, 1, 0, 1, 1, 1, 0, 0, 0, 0, 0, 2, 2, 2, 0, 0, 2, 2, 4, 3, 2, 0, 2, 4, 2, 1, 3, 1, 6, 2, 3, 5, 3, 4, 56, 0, 1, 0, 0, 0, 0]",2,0.599371757343034,-1,0
245,"[1, 1, 0, 1, 0, 3, 0, 1, 0, 0, 0, 2, 0, 0, 0, 0, 0, 2, 1, 0, 0, 0, 0, 1, 0, 0, 0, 0, 0, 2, 0, 0, 0, 0, 2, 2, 0, 0, 2, 0, 0, 2, 2, 1, 0, 0, 0, 1, 0, 1, 1, 1, 0, 0, 0, 0, 0, 2, 2, 2, 0, 0, 2, 2, 4, 3, 2, 0, 2, 4, 2, 1, 3, 1, 6, 2, 3, 5, 3, 4, 56, 0, 0, 0, 0, 0, 0]",-1,-0.028560453192440743,-1,0
246,"[2, 1, 0, 1, 1, 3, 0, 2, 0, 0, 0, 2, 0, 0, 0, 0, 0, 2, 1, 0, 0, 0, 0, 1, 0, 0, 0, 0, 0, 2, 0, 0, 0, 0, 2, 2, 0, 0, 2, 0, 0, 2, 2, 1, 0, 0, 0, 1, 0, 1, 1, 1, 0, 0, 0, 0, 0, 2, 2, 2, 0, 0, 2, 2, 4, 3, 2, 0, 2, 4, 2, 1, 3, 1, 6, 2, 3, 5, 3, 4, 57, 0, 0, 0, 0, 0, 0]",4,13.230235671846396,-1,0
247,"[3, 1, 0, 1, 2, 3, 0, 3, 0, 0, 0, 2, 0, 0, 0, 0, 0, 2, 1, 0, 0, 0, 0, 1, 0, 0, 0, 0, 0, 2, 0, 0, 0, 0, 2, 2, 0, 0, 2, 0, 0, 2, 2, 1, 0, 0, 0, 1, 0, 1, 1, 1, 0, 0, 0, 0, 0, 2, 2, 2, 0, 0, 2, 2, 4, 3, 2, 0, 2, 4, 2, 1, 3, 1, 6, 2, 3, 5, 3, 4, 58, 0, 0, 0, 0, 0, 0]",4,18.10746226301321,-1,1
248,"[4, 1, 0, 1, 3, 3, 0, 4, 0, 0, 0, 2, 0, 0, 0, 0, 0, 2, 1, 0, 0, 0, 0, 1, 0, 0, 0, 0, 0, 2, 0, 0, 0, 0, 2, 2, 0, 0, 2, 0, 0, 2, 2, 1, 0, 0, 0, 1, 0, 1, 1, 1, 0, 0, 0, 0, 0, 2, 2, 2, 0, 0, 2, 2, 4, 3, 2, 0, 2, 4, 2, 1, 3, 1, 6, 2, 3, 5, 3, 4, 59, 0, 0, 0, 0, 0, 0]",4,12.80105000520164,-1,0
249,"[4, 1, 0, 1, 3, 3, 0, 4, 0, 0, 0, 2, 0, 0, 0, 0, 0, 2, 1, 0, 0, 0, 0, 1, 0, 0, 0, 0, 0, 2, 0, 0, 0, 0, 2, 2, 0, 0, 2, 0, 0, 2, 2, 1, 0, 0, 0, 1, 0, 1, 1, 1, 0, 0, 0, 0, 0, 2, 2, 2, 0, 0, 2, 2, 4, 3, 2, 0, 2, 4, 2, 1, 3, 1, 6, 2, 3, 5, 3, 4, 60, 0, 0, 0, 0, 0, 0]",4,18.056810260929005,-1,1
250,"[4, 1, 0, 1, 3, 3, 0, 4, 0, 0, 0, 2, 0, 0, 0, 0, 0, 2, 1, 0, 0, 0, 0, 1, 0, 0, 0, 0, 0, 2, 0, 0, 0, 0, 2, 2, 0, 0, 2, 0, 0, 2, 2, 1, 0, 0, 0, 1, 0, 1, 1, 1, 0, 0, 0, 0, 0, 2, 2, 2, 0, 0, 2, 2, 4, 3, 2, 0, 2, 4, 2, 1, 3, 1, 6, 2, 3, 5, 3, 4, 60, 1, 0, 0, 0, 0, 0]",3,0.3992631520201128,-1,0
251,"[2, 1, 1, 1, 3, 3, 0, 4, 0, 0, 0, 2, 0, 0, 0, 0, 0, 2, 1, 0, 0, 0, 0, 1, 0, 0, 0, 0, 0, 2, 0, 0, 0, 0, 2, 2, 0, 0, 2, 0, 0, 2, 2, 1, 0, 0, 0, 1, 0, 1, 1, 1, 0, 0, 0, 0, 0, 2, 2, 2, 0, 0, 2, 2, 4, 3, 2, 0, 2, 4, 2, 1, 3, 1, 6, 2, 3, 5, 3, 4, 60, 0, 0, 0, 0, 0, 0]","[[2 0 0 0]
 [0 0 1 0]]",0.0007208339311538561,-1,0
252,"[2, 1, 1, 1, 3, 3, 0, 4, 0, 0, 0, 2, 0, 0, 0, 0, 0, 2, 1, 0, 0, 0, 0, 1, 0, 0, 0, 0, 0, 2, 0, 0, 0, 0, 2, 2, 0, 0, 2, 0, 0, 2, 2, 1, 0, 0, 0, 1, 0, 1, 1, 1, 0, 0, 0, 0, 0, 2, 2, 2, 0, 0, 2, 2, 4, 3, 2, 0, 2, 4, 2, 1, 3, 1, 6, 2, 3, 5, 3, 4, 61, 0, 0, 0, 0, 0, 0]",4,13.50071357873245,-1,0
253,"[2, 1, 1, 1, 3, 3, 0, 4, 0, 0, 0, 2, 0, 0, 0, 0, 0, 2, 1, 0, 0, 0, 0, 1, 0, 0, 0, 0, 0, 2, 0, 0, 0, 0, 2, 2, 0, 0, 2, 0, 0, 2, 2, 1, 0, 0, 0, 1, 0, 1, 1, 1, 0, 0, 0, 0, 0, 2, 2, 2, 0, 0, 2, 2, 4, 3, 2, 0, 2, 4, 2, 1, 3, 1, 6, 2, 3, 5, 3, 4, 61, 0, 1, 0, 0, 0, 0]",2,0.5992331959777005,-1,1
254,"[2, 1, 1, 1, 3, 3, 0, 4, 0, 0, 0, 2, 0, 0, 0, 0, 0, 2, 1, 0, 0, 0, 0, 1, 0, 0, 0, 0, 0, 2, 0, 0, 0, 0, 2, 2, 0, 0, 2, 0, 0, 2, 2, 1, 0, 0, 0, 1, 0, 1, 1, 1, 0, 0, 0, 0, 0, 2, 2, 2, 0, 0, 2, 2, 4, 3, 2, 0, 2, 4, 2, 1, 3, 1, 6, 2, 3, 5, 3, 4, 61, 0, 1, 0, 0, 1, 0]","[[1 0 0 0]
 [0 1 0 0]]",0.8496580610357914,-1,1
255,"[3, 0, 1, 1, 2, 4, 0, 4, 0, 0, 0, 2, 0, 0, 0, 0, 0, 2, 1, 0, 0, 0, 0, 1, 0, 0, 0, 0, 0, 2, 0, 0, 0, 0, 2, 2, 0, 0, 2, 0, 0, 2, 2, 1, 0, 0, 0, 1, 0, 1, 1, 1, 0, 0, 0, 0, 0, 2, 2, 2, 0, 0, 2, 2, 4, 3, 2, 0, 2, 4, 2, 1, 3, 1, 6, 2, 3, 5, 3, 4, 61, 0, 0, 0, 0, 0, 0]",0,-0.0007668040222994887,-1,0
256,"[4, 0, 1, 1, 3, 4, 0, 5, 0, 0, 0, 2, 0, 0, 0, 0, 0, 2, 1, 0, 0, 0, 0, 1, 0, 0, 0, 0, 0, 2, 0, 0, 0, 0, 2, 2, 0, 0, 2, 0, 0, 2, 2, 1, 0, 0, 0, 1, 0, 1, 1, 1, 0, 0, 0, 0, 0, 2, 2, 2, 0, 0, 2, 2, 4, 3, 2, 0, 2, 4, 2, 1, 3, 1, 6, 2, 3, 5, 3, 4, 62, 0, 0, 0, 0, 0, 0]",4,18.00401560036977,-1,1
257,"[2, 0, 1, 1, 1, 2, 0, 2, 0, 0, 0, 2, 0, 0, 0, 0, 0, 2, 1, 0, 0, 0, 0, 1, 0, 0, 0, 0, 0, 2, 0, 0, 0, 0, 2, 2, 0, 0, 2, 0, 0, 2, 2, 1, 0, 0, 0, 1, 0, 1, 1, 1, 0, 0, 0, 0, 0, 2, 2, 2, 0, 0, 2, 2, 4, 3, 2, 0, 2, 4, 2, 1, 3, 1, 6, 2, 3, 5, 3, 0, 63, 0, 0, 0, 0, 0, 0]",4,13.22673260342059,-1,0
258,"[2, 0, 1, 1, 1, 4, 0, 2, 0, 0, 0, 2, 0, 0, 0, 0, 0, 2, 1, 0, 0, 0, 0, 1, 0, 0, 0, 0, 0, 2, 0, 0, 0, 0, 2, 2, 0, 0, 2, 0, 0, 2, 2, 1, 0, 0, 0, 1, 0, 1, 1, 1, 0, 0, 0, 0, 0, 2, 2, 2, 0, 0, 2, 2, 4, 3, 2, 0, 2, 4, 2, 1, 3, 1, 6, 2, 3, 5, 3, 0, 64, 0, 0, 0, 0, 0, 0]",4,17.92098111541035,-1,1
259,"[2, 0, 1, 1, 1, 4, 0, 2, 0, 0, 0, 2, 0, 0, 0, 0, 0, 2, 1, 0, 0, 0, 0, 1, 0, 0, 0, 0, 0, 2, 0, 0, 0, 0, 2, 2, 0, 0, 2, 0, 0, 2, 2, 1, 0, 0, 0, 1, 0, 1, 1, 1, 0, 0, 0, 0, 0, 2, 2, 2, 0, 0, 2, 2, 4, 3, 2, 0, 2, 4, 2, 1, 3, 1, 6, 2, 3, 5, 3, 0, 64, 0, 1, 0, 0, 0, 0]",2,0.5991358532960176,-1,0
260,"[2, 0, 1, 1, 1, 4, 0, 2, 0, 0, 0, 2, 0, 0, 0, 0, 0, 2, 1, 0, 0, 0, 0, 1, 0, 0, 0, 0, 0, 2, 0, 0, 0, 0, 2, 2, 0, 0, 2, 0, 0, 2, 2, 1, 0, 0, 0, 1, 0, 1, 1, 1, 0, 0, 0, 0, 0, 2, 2, 2, 0, 0, 2, 2, 4, 3, 2, 0, 2, 4, 2, 1, 3, 1, 6, 2, 3, 5, 3, 0, 64, 0, 1, 0, 0, 1, 0]","[[0 0 1 0]
 [0 1 0 0]]",0.8495607183541085,-1,0
261,"[2, 0, 1, 1, 1, 4, 0, 2, 0, 0, 0, 2, 0, 0, 0, 0, 0, 2, 1, 0, 0, 0, 0, 1, 0, 0, 0, 0, 0, 2, 0, 0, 0, 0, 2, 2, 0, 0, 2, 0, 0, 2, 2, 1, 0, 0, 0, 1, 0, 1, 1, 1, 0, 0, 0, 0, 0, 2, 2, 2, 0, 0, 2, 2, 4, 3, 2, 0, 2, 4, 2, 1, 3, 1, 6, 2, 3, 5, 3, 0, 64, 0, 0, 0, 0, 0, 0]",1,-4.000864146703982,-1,1
262,"[2, 0, 1, 1, 1, 4, 0, 2, 0, 0, 0, 2, 0, 0, 0, 0, 0, 2, 1, 0, 0, 0, 0, 1, 0, 0, 0, 0, 0, 2, 0, 0, 0, 0, 2, 2, 0, 0, 2, 0, 0, 2, 2, 1, 0, 0, 0, 1, 0, 1, 1, 1, 0, 0, 0, 0, 0, 2, 2, 2, 0, 0, 2, 2, 4, 3, 2, 0, 2, 4, 2, 1, 3, 1, 6, 2, 3, 5, 3, 0, 64, 0, 1, 0, 0, 0, 0]",2,0.5991358532960176,-1,0
263,"[2, 0, 1, 1, 1, 4, 0, 2, 0, 0, 0, 2, 0, 0, 0, 0, 0, 2, 1, 0, 0, 0, 0, 1, 0, 0, 0, 0, 0, 2, 0, 0, 0, 0, 2, 2, 0, 0, 2, 0, 0, 2, 2, 1, 0, 0, 0, 1, 0, 1, 1, 1, 0, 0, 0, 0, 0, 2, 2, 2, 0, 0, 2, 2, 4, 3, 2, 0, 2, 4, 2, 1, 3, 1, 6, 2, 3, 5, 3, 0, 64, 0, 1, 0, 0, 1, 0]","[[1 0 0 0]
 [0 1 0 0]]",0.8495607183541085,-1,0
264,"[1, 1, 1, 1, 2, 3, 0, 2, 0, 0, 0, 2, 0, 0, 0, 0, 0, 2, 1, 0, 0, 0, 0, 1, 0, 0, 0, 0, 0, 2, 0, 0, 0, 0, 2, 2, 0, 0, 2, 0, 0, 2, 2, 1, 0, 0, 0, 1, 0, 1, 1, 1, 0, 0, 0, 0, 0, 2, 2, 2, 0, 0, 2, 2, 4, 3, 2, 0, 2, 4, 2, 1, 3, 1, 6, 2, 3, 5, 3, 0, 64, 0, 0, 0, 0, 0, 0]",0,-0.0008641467039823833,-1,1
265,"[1, 1, 1, 1, 2, 3, 0, 2, 0, 0, 0, 2, 0, 0, 0, 0, 0, 2, 1, 0, 0, 0, 0, 1, 0, 0, 0, 0, 0, 2, 0, 0, 0, 0, 2, 2, 0, 0, 2, 0, 0, 2, 2, 1, 0, 0, 0, 1, 0, 1, 1, 1, 0, 0, 0, 0, 0, 2, 2, 2, 0, 0, 2, 2, 4, 3, 2, 0, 2, 4, 2, 1, 3, 1, 6, 2, 3, 5, 3, 0, 64, 0, 1, 0, 0, 0, 0]",2,0.5991358532960176,-1,0
266,"[1, 1, 1, 1, 2, 3, 0, 2, 0, 0, 0, 2, 0, 0, 0, 0, 0, 2, 1, 0, 0, 0, 0, 1, 0, 0, 0, 0, 0, 2, 0, 0, 0, 0, 2, 2, 0, 0, 2, 0, 0, 2, 2, 1, 0, 0, 0, 1, 0, 1, 1, 1, 0, 0, 0, 0, 0, 2, 2, 2, 0, 0, 2, 2, 4, 3, 2, 0, 2, 4, 2, 1, 3, 1, 6, 2, 3, 5, 3, 0, 64, 0, 1, 0, 0, 1, 0]","[[0 1 0 0]
 [0 0 0 1]]",0.8495607183541085,-1,0
267,"[1, 1, 1, 1, 2, 3, 0, 2, 0, 0, 0, 2, 0, 0, 0, 0, 0, 2, 1, 0, 0, 0, 0, 1, 0, 0, 0, 0, 0, 2, 0, 0, 0, 0, 2, 2, 0, 0, 2, 0, 0, 2, 2, 1, 0, 0, 0, 1, 0, 1, 1, 1, 0, 0, 0, 0, 0, 2, 2, 2, 0, 0, 2, 2, 4, 3, 2, 0, 2, 4, 2, 1, 3, 1, 6, 2, 3, 5, 3, 0, 64, 0, 1, 0, 0, 0, 1]",2,-0.0008641467039823833,-1,1
268,"[1, 1, 1, 1, 2, 3, 0, 2, 0, 0, 0, 2, 0, 0, 0, 0, 0, 2, 1, 0, 0, 0, 0, 1, 0, 0, 0, 0, 0, 2, 0, 0, 0, 0, 2, 2, 0, 0, 2, 0, 0, 2, 2, 1, 0, 0, 0, 1, 0, 1, 1, 1, 0, 0, 0, 0, 0, 2, 2, 2, 0, 0, 2, 2, 4, 3, 2, 0, 2, 4, 2, 1, 3, 1, 6, 2, 3, 5, 3, 0, 64, 0, 0, 1, 0, 0, 0]","[[1 0 0 0]
 [0 0 1 0]]",-0.0008641467039823833,-1,1
269,"[2, 1, 0, 1, 1, 3, 1, 2, 0, 0, 0, 2, 0, 0, 0, 0, 0, 2, 1, 0, 0, 0, 0, 1, 0, 0, 0, 0, 0, 2, 0, 0, 0, 0, 2, 2, 0, 0, 2, 0, 0, 2, 2, 1, 0, 0, 0, 1, 0, 1, 1, 1, 0, 0, 0, 0, 0, 2, 2, 2, 0, 0, 2, 2, 4, 3, 2, 0, 2, 4, 2, 1, 3, 1, 6, 2, 3, 5, 3, 0, 64, 0, 0, 0, 0, 0, 0]",0,-0.0008641467039823833,-1,0
270,"[2, 1, 0, 1, 1, 4, 1, 2, 0, 0, 0, 2, 0, 0, 0, 0, 0, 2, 1, 0, 0, 0, 0, 1, 0, 0, 0, 0, 0, 2, 0, 0, 0, 0, 2, 2, 0, 0, 2, 0, 0, 2, 2, 1, 0, 0, 0, 1, 0, 1, 1, 1, 0, 0, 0, 0, 0, 2, 2, 2, 0, 0, 2, 2, 4, 3, 2, 0, 2, 4, 2, 1, 3, 1, 6, 2, 3, 5, 3, 0, 65, 0, 0, 0, 0, 0, 0]",4,13.225598551145959,-1,0
271,"[2, 1, 0, 1, 1, 4, 1, 2, 0, 0, 0, 2, 0, 0, 0, 0, 0, 2, 1, 0, 0, 0, 0, 1, 0, 0, 0, 0, 0, 2, 0, 0, 0, 0, 2, 2, 0, 0, 2, 0, 0, 2, 2, 1, 0, 0, 0, 1, 0, 1, 1, 1, 0, 0, 0, 0, 0, 2, 2, 2, 0, 0, 2, 2, 4, 3, 2, 0, 2, 4, 2, 1, 3, 1, 6, 2, 3, 5, 3, 0, 65, 0, 0, 0, 0, 0, 0]",1,0.6338887039669859,-1,1
272,"[2, 1, 0, 1, 0, 3, 0, 1, 0, 0, 0, 2, 0, 0, 0, 2, 0, 2, 1, 0, 0, 0, 0, 1, 0, 0, 0, 0, 0, 2, 0, 0, 0, 0, 2, 2, 0, 0, 2, 0, 0, 2, 2, 1, 0, 0, 0, 1, 0, 1, 1, 1, 0, 0, 0, 0, 0, 2, 2, 2, 0, 0, 2, 2, 5, 3, 2, 0, 2, 4, 2, 1, 3, 1, 6, 2, 3, 5, 3, 0, 65, 0, 0, 0, 0, 0, 0]",7,199.9991007453678,-1,1
273,"[2, 1, 0, 1, 0, 3, 0, 1, 0, 0, 0, 2, 0, 0, 0, 2, 0, 2, 1, 0, 0, 0, 0, 1, 0, 0, 0, 0, 0, 2, 0, 0, 0, 0, 2, 2, 0, 0, 2, 0, 0, 2, 2, 1, 0, 0, 0, 1, 0, 1, 1, 1, 0, 0, 0, 0, 0, 2, 2, 2, 0, 0, 2, 2, 5, 3, 2, 0, 2, 4, 2, 1, 3, 1, 6, 2, 3, 5, 3, 0, 65, 0, 0, 0, 0, 0, 0]",7,199.9991007453678,2,1
